name,clinic_id,profile_url
"ABDOLREZA KHASH",3,"https://turkplasticsurgery.org/Doctor-Infos/1622"
"Abdulkadir Calavul",4,"https://turkplasticsurgery.org/Doctor-Infos/1247"
"ABDULKERİM OLĞUN",5,"https://turkplasticsurgery.org/Doctor-Infos/1076"
"ABDULLAH DİNÇGÖZOĞLU",6,"https://turkplasticsurgery.org/Doctor-Infos/1430"
"ABDULLAH ETÖZ",7,"https://turkplasticsurgery.org/Doctor-Infos/4"
"ABDULLAH ÇALIK",8,"https://turkplasticsurgery.org/Doctor-Infos/1619"
"ABDULLAH DEMİREL",9,"https://turkplasticsurgery.org/Doctor-Infos/1916"
"ABDULLAH KEÇİK",10,"https://turkplasticsurgery.org/Doctor-Infos/5"
"ABDULLAH ÜNLÜ",11,"https://turkplasticsurgery.org/Doctor-Infos/1546"
"ABDULLAH SÜRÜCÜ",12,"https://turkplasticsurgery.org/Doctor-Infos/1592"
"ABDULLAH ANIL ÖZPAK",13,"https://turkplasticsurgery.org/Doctor-Infos/2041"
"Abdullah Erkan Orhan",14,"https://turkplasticsurgery.org/Doctor-Infos/1018"
"ABDULLAH NURİ ÇELİK",15,"https://turkplasticsurgery.org/Doctor-Infos/562"
"ABDULMUTTALİP KESER",16,"https://turkplasticsurgery.org/Doctor-Infos/6"
"ABDURRAHMAN TEVFİK ŞATIR",17,"https://turkplasticsurgery.org/Doctor-Infos/7"
"ABDÜL KERİM YAPICI",18,"https://turkplasticsurgery.org/Doctor-Infos/9"
"ABDÜLCEBBAR SİYER",19,"https://turkplasticsurgery.org/Doctor-Infos/8"
"ADEM ÖZKAN",20,"https://turkplasticsurgery.org/Doctor-Infos/11"
"ADEM TOPKARA",21,"https://turkplasticsurgery.org/Doctor-Infos/12"
"ADEM USTA",22,"https://turkplasticsurgery.org/Doctor-Infos/1928"
"Adem Atakan Haytaoğlu",23,"https://turkplasticsurgery.org/Doctor-Infos/1625"
"Adile Dikmen",24,"https://turkplasticsurgery.org/Doctor-Infos/1025"
"ADNAN ERDEM",15,"https://turkplasticsurgery.org/Doctor-Infos/14"
"ADNAN UZUNİSMAİL",25,"https://turkplasticsurgery.org/Doctor-Infos/16"
"ADNAN MENDERES",26,"https://turkplasticsurgery.org/Doctor-Infos/15"
"AFET ÖNCEL BOZKURT",15,"https://turkplasticsurgery.org/Doctor-Infos/17"
"AFŞİN UYSAL",27,"https://turkplasticsurgery.org/Doctor-Infos/18"
"Ahmed Şamil Güvel",28,"https://turkplasticsurgery.org/Doctor-Infos/1477"
"AHMET KÜÇÜKÇELEBİ",15,"https://turkplasticsurgery.org/Doctor-Infos/35"
"AHMET BİÇER",29,"https://turkplasticsurgery.org/Doctor-Infos/22"
"AHMET DUYMAZ",30,"https://turkplasticsurgery.org/Doctor-Infos/29"
"AHMET ÇANGA",15,"https://turkplasticsurgery.org/Doctor-Infos/27"
"AHMET AKATEKİN",15,"https://turkplasticsurgery.org/Doctor-Infos/1552"
"AHMET SÖNMEZ",15,"https://turkplasticsurgery.org/Doctor-Infos/38"
"AHMET AŞÇIOĞLU",31,"https://turkplasticsurgery.org/Doctor-Infos/1613"
"AHMET AYDIN",32,"https://turkplasticsurgery.org/Doctor-Infos/1706"
"AHMET TORKUT",33,"https://turkplasticsurgery.org/Doctor-Infos/39"
"AHMET KAHRAMAN",15,"https://turkplasticsurgery.org/Doctor-Infos/33"
"AHMET KAPLAN",34,"https://turkplasticsurgery.org/Doctor-Infos/1645"
"AHMET ÇETİNBAŞ",35,"https://turkplasticsurgery.org/Doctor-Infos/1059"
"AHMET SEYHAN",19,"https://turkplasticsurgery.org/Doctor-Infos/36"
"AHMET ARSLAN",15,"https://turkplasticsurgery.org/Doctor-Infos/20"
"AHMET IŞIKDEMİR",15,"https://turkplasticsurgery.org/Doctor-Infos/32"
"AHMET DİLBER",36,"https://turkplasticsurgery.org/Doctor-Infos/1874"
"AHMET TERZİOĞLU",37,"https://turkplasticsurgery.org/Doctor-Infos/37"
"AHMET DEMİR",38,"https://turkplasticsurgery.org/Doctor-Infos/28"
"Ahmet Körmutlu",19,"https://turkplasticsurgery.org/Doctor-Infos/1054"
"AHMET KARACALAR",15,"https://turkplasticsurgery.org/Doctor-Infos/34"
"AHMET DEMİR",39,"https://turkplasticsurgery.org/Doctor-Infos/1140"
"AHMET ARİF EROĞLU",10,"https://turkplasticsurgery.org/Doctor-Infos/878"
"AHMET CEMAL AYGIT",40,"https://turkplasticsurgery.org/Doctor-Infos/24"
"AHMET CEMİL DALAY",15,"https://turkplasticsurgery.org/Doctor-Infos/25"
"AHMET CEMİL YILDIZ",15,"https://turkplasticsurgery.org/Doctor-Infos/26"
"AHMET ÇAĞRI UYSAL",41,"https://turkplasticsurgery.org/Doctor-Infos/23"
"Ahmet Faruk Yücel",42,"https://turkplasticsurgery.org/Doctor-Infos/1333"
"AHMET FEVZİ YAVAŞ",43,"https://turkplasticsurgery.org/Doctor-Infos/289"
"AHMET GÜRHAN DÜLGAR",44,"https://turkplasticsurgery.org/Doctor-Infos/1253"
"AHMET HAMDİ SAKARYA",45,"https://turkplasticsurgery.org/Doctor-Infos/991"
"AHMET HARUN ŞİMŞEK",15,"https://turkplasticsurgery.org/Doctor-Infos/31"
"AHMET KÜRŞAT YİĞİT",46,"https://turkplasticsurgery.org/Doctor-Infos/934"
"AHMET RIFAT DOĞRAMACI",47,"https://turkplasticsurgery.org/Doctor-Infos/1786"
"Ahmet Umut Yuvacı",48,"https://turkplasticsurgery.org/Doctor-Infos/1518"
"AHSEN ÖNCÜ",49,"https://turkplasticsurgery.org/Doctor-Infos/1723"
"AKIN DEMİRALAY",15,"https://turkplasticsurgery.org/Doctor-Infos/41"
"AKİF AYBERK AKÇAY",50,"https://turkplasticsurgery.org/Doctor-Infos/1651"
"ALİ MEZDEĞİ",51,"https://turkplasticsurgery.org/Doctor-Infos/53"
"ALİ ÇETİNKAYA",52,"https://turkplasticsurgery.org/Doctor-Infos/1859"
"ALİ ALİYEV",53,"https://turkplasticsurgery.org/Doctor-Infos/42"
"ALİ SAKİNSEL",54,"https://turkplasticsurgery.org/Doctor-Infos/62"
"ALİ ÖZDEMİR",55,"https://turkplasticsurgery.org/Doctor-Infos/57"
"ALİ ÜÇKAN",56,"https://turkplasticsurgery.org/Doctor-Infos/58"
"ALİ ŞİMŞEK",57,"https://turkplasticsurgery.org/Doctor-Infos/1637"
"ALİ KILIÇ",58,"https://turkplasticsurgery.org/Doctor-Infos/52"
"ALİ SADİOĞLU",59,"https://turkplasticsurgery.org/Doctor-Infos/1446"
"ALİ BAL",60,"https://turkplasticsurgery.org/Doctor-Infos/43"
"ALİ BARUTÇU",61,"https://turkplasticsurgery.org/Doctor-Infos/44"
"ALİ GÜRLEK",62,"https://turkplasticsurgery.org/Doctor-Infos/50"
"ALİ CAN GUNENC",63,"https://turkplasticsurgery.org/Doctor-Infos/1508"
"ALİ CEM OKTAY",64,"https://turkplasticsurgery.org/Doctor-Infos/1440"
"ALİ CEMAL YILMAZ",15,"https://turkplasticsurgery.org/Doctor-Infos/45"
"ALİ EMRE KARADENİZ",65,"https://turkplasticsurgery.org/Doctor-Infos/47"
"ALİ EMRE AKSU",66,"https://turkplasticsurgery.org/Doctor-Infos/46"
"ALİ ERTAN ÇAPAR",15,"https://turkplasticsurgery.org/Doctor-Infos/48"
"ALİ GÖKÇEN AKDAL",67,"https://turkplasticsurgery.org/Doctor-Infos/49"
"ALİ HAYDAR DUMAN",68,"https://turkplasticsurgery.org/Doctor-Infos/1903"
"ALİ HAYDAR İSKENDEROĞLU",69,"https://turkplasticsurgery.org/Doctor-Infos/51"
"ALİ KAAN MEMİŞ",70,"https://turkplasticsurgery.org/Doctor-Infos/1862"
"Ali Murat Akkuş",71,"https://turkplasticsurgery.org/Doctor-Infos/1685"
"ALİ MÜBİN ARAL",72,"https://turkplasticsurgery.org/Doctor-Infos/56"
"ALİ NİHAT ÜLGEN",73,"https://turkplasticsurgery.org/Doctor-Infos/54"
"ALİ NURHAN ÖZBABA",74,"https://turkplasticsurgery.org/Doctor-Infos/55"
"ALİ ÖZGÜR KARAKAŞ",75,"https://turkplasticsurgery.org/Doctor-Infos/1173"
"ALİ RIZA ERÇÖÇEN",76,"https://turkplasticsurgery.org/Doctor-Infos/60"
"ALİ RIZA ÖREROĞLU",77,"https://turkplasticsurgery.org/Doctor-Infos/61"
"ALİ RIZA YILDIRIM",78,"https://turkplasticsurgery.org/Doctor-Infos/987"
"ALİ TEOMAN TELLİOĞLU",19,"https://turkplasticsurgery.org/Doctor-Infos/63"
"ALİ TUFAN SOYDAN",79,"https://turkplasticsurgery.org/Doctor-Infos/59"
"ALP ASLAN",80,"https://turkplasticsurgery.org/Doctor-Infos/1827"
"ALP ERCAN",81,"https://turkplasticsurgery.org/Doctor-Infos/1511"
"ALPAGAN MUSTAFA YILDIRIM",82,"https://turkplasticsurgery.org/Doctor-Infos/827"
"ALPASLAN TOPÇU",15,"https://turkplasticsurgery.org/Doctor-Infos/64"
"ALPAY DURAN",83,"https://turkplasticsurgery.org/Doctor-Infos/999"
"ALPER İNCE",84,"https://turkplasticsurgery.org/Doctor-Infos/1411"
"ALPER ALYANAK",85,"https://turkplasticsurgery.org/Doctor-Infos/66"
"ALPER AKTAŞ",15,"https://turkplasticsurgery.org/Doctor-Infos/69"
"ALPER AKSOY",86,"https://turkplasticsurgery.org/Doctor-Infos/68"
"ALPER URAL",87,"https://turkplasticsurgery.org/Doctor-Infos/849"
"ALPER SARI",15,"https://turkplasticsurgery.org/Doctor-Infos/70"
"ALPER ESKALEN",88,"https://turkplasticsurgery.org/Doctor-Infos/1865"
"ALPER DERVİŞ",89,"https://turkplasticsurgery.org/Doctor-Infos/1618"
"ALPER GEYİK",90,"https://turkplasticsurgery.org/Doctor-Infos/1550"
"Alper Burak USLU",91,"https://turkplasticsurgery.org/Doctor-Infos/1070"
"ALPEREN TEKİN",92,"https://turkplasticsurgery.org/Doctor-Infos/1261"
"ALTAN YÜCETAŞ",15,"https://turkplasticsurgery.org/Doctor-Infos/71"
"ALTUĞ ALTINKAYA",93,"https://turkplasticsurgery.org/Doctor-Infos/72"
"ALTUĞHAN CAHİT VURAL",10,"https://turkplasticsurgery.org/Doctor-Infos/73"
"ANDAÇ AYKAN",94,"https://turkplasticsurgery.org/Doctor-Infos/74"
"ANI ÇİNPOLAT",95,"https://turkplasticsurgery.org/Doctor-Infos/75"
"ANIL DEMİRÖZ",96,"https://turkplasticsurgery.org/Doctor-Infos/76"
"ANIL ARİF OLGUNER",97,"https://turkplasticsurgery.org/Doctor-Infos/939"
"ANVAR AHMEDOV",98,"https://turkplasticsurgery.org/Doctor-Infos/1601"
"ARDA SOYLU",99,"https://turkplasticsurgery.org/Doctor-Infos/2000"
"ARDA KÜÇÜKGÜVEN",100,"https://turkplasticsurgery.org/Doctor-Infos/1293"
"Arda Özdemir",101,"https://turkplasticsurgery.org/Doctor-Infos/1307"
"ARET ÇERÇİ ÖZKAN",102,"https://turkplasticsurgery.org/Doctor-Infos/938"
"ARİF AYDIN",103,"https://turkplasticsurgery.org/Doctor-Infos/77"
"ARİF TÜRKMEN",104,"https://turkplasticsurgery.org/Doctor-Infos/78"
"Arif YILMAZ",105,"https://turkplasticsurgery.org/Doctor-Infos/1349"
"ARZU TÜRKSEVEN TOPAÇOĞLU",106,"https://turkplasticsurgery.org/Doctor-Infos/81"
"ARZU AKÇAL",107,"https://turkplasticsurgery.org/Doctor-Infos/80"
"Asım Uslu",108,"https://turkplasticsurgery.org/Doctor-Infos/951"
"ASLI CAN",109,"https://turkplasticsurgery.org/Doctor-Infos/82"
"ASLI DATLI",110,"https://turkplasticsurgery.org/Doctor-Infos/1509"
"ASU DENİZ BURHANOĞLU",111,"https://turkplasticsurgery.org/Doctor-Infos/83"
"ASUDE KÖKSAL",15,"https://turkplasticsurgery.org/Doctor-Infos/1254"
"ASUMAN ÖZEL",112,"https://turkplasticsurgery.org/Doctor-Infos/1065"
"ATACAN EMRE KOÇMAN",113,"https://turkplasticsurgery.org/Doctor-Infos/1594"
"ATAKAN AYDIN",114,"https://turkplasticsurgery.org/Doctor-Infos/85"
"Atakan Meriç Kahraman",115,"https://turkplasticsurgery.org/Doctor-Infos/2760"
"ATALAY ŞAHİN",116,"https://turkplasticsurgery.org/Doctor-Infos/1938"
"ATAY ATABEY",117,"https://turkplasticsurgery.org/Doctor-Infos/86"
"ATİLLA ÇORUH",118,"https://turkplasticsurgery.org/Doctor-Infos/88"
"ATİLLA ARINCI",119,"https://turkplasticsurgery.org/Doctor-Infos/87"
"ATİLLA OYMAK",120,"https://turkplasticsurgery.org/Doctor-Infos/91"
"ATİLLA FESLİ",15,"https://turkplasticsurgery.org/Doctor-Infos/89"
"ATİLLA KURTAY",15,"https://turkplasticsurgery.org/Doctor-Infos/90"
"ATİLLA ADNAN EYÜBOĞLU",121,"https://turkplasticsurgery.org/Doctor-Infos/1058"
"AVNİ HAKAN ÖLMEZTÜRK",15,"https://turkplasticsurgery.org/Doctor-Infos/116"
"AVNİ TOLGA ERYILMAZ",122,"https://turkplasticsurgery.org/Doctor-Infos/92"
"AYCAN KAYIKÇIOĞLU",123,"https://turkplasticsurgery.org/Doctor-Infos/94"
"Ayça ERGAN ŞAHİN",124,"https://turkplasticsurgery.org/Doctor-Infos/1507"
"AYDAN AY",125,"https://turkplasticsurgery.org/Doctor-Infos/95"
"AYDAN AYŞE KÖSE",113,"https://turkplasticsurgery.org/Doctor-Infos/106"
"AYDIN SARAY",126,"https://turkplasticsurgery.org/Doctor-Infos/97"
"AYDIN GÖZÜ",19,"https://turkplasticsurgery.org/Doctor-Infos/96"
"AYDIN TURAN",127,"https://turkplasticsurgery.org/Doctor-Infos/98"
"AYFER ÖZDEMİR",128,"https://turkplasticsurgery.org/Doctor-Infos/1644"
"AYHAN NUMANOĞLU",129,"https://turkplasticsurgery.org/Doctor-Infos/100"
"AYHAN OKUMUŞ",15,"https://turkplasticsurgery.org/Doctor-Infos/101"
"AYHAN SÖNMEZ",130,"https://turkplasticsurgery.org/Doctor-Infos/969"
"AYHAN IŞIK ERDAL",131,"https://turkplasticsurgery.org/Doctor-Infos/1255"
"AYKUT MISIRLIOĞLU",15,"https://turkplasticsurgery.org/Doctor-Infos/102"
"AYLİN KURT",15,"https://turkplasticsurgery.org/Doctor-Infos/104"
"AYLİN BİLGİN KARABULUT",132,"https://turkplasticsurgery.org/Doctor-Infos/103"
"AYSEL PASHAZADE",133,"https://turkplasticsurgery.org/Doctor-Infos/1992"
"AYSUN BÖLÜKBAŞI MAMAK",15,"https://turkplasticsurgery.org/Doctor-Infos/105"
"AYŞE ÖZTÜRK",132,"https://turkplasticsurgery.org/Doctor-Infos/111"
"AYŞE KALAY",134,"https://turkplasticsurgery.org/Doctor-Infos/1439"
"AYŞE ŞENCAN",135,"https://turkplasticsurgery.org/Doctor-Infos/112"
"AYŞE İREM İSKENDEROĞLU",136,"https://turkplasticsurgery.org/Doctor-Infos/107"
"AYŞE NERMİN YÜKSEL BARUTÇU",15,"https://turkplasticsurgery.org/Doctor-Infos/110"
"AYŞE ÖZLEM GÜNDEŞLİOĞLU",137,"https://turkplasticsurgery.org/Doctor-Infos/620"
"AYŞE ÖZLEM SİLİSTRELİ",15,"https://turkplasticsurgery.org/Doctor-Infos/621"
"AYŞENUR ŞERİKOĞLU",138,"https://turkplasticsurgery.org/Doctor-Infos/1420"
"AYŞİN KARASOY YEŞİLADA",139,"https://turkplasticsurgery.org/Doctor-Infos/115"
"AYTAÇ ALTEN",140,"https://turkplasticsurgery.org/Doctor-Infos/1436"
"AZAR ZEYNALOV",141,"https://turkplasticsurgery.org/Doctor-Infos/1877"
"AZİMET ÖZDEMİR",142,"https://turkplasticsurgery.org/Doctor-Infos/1867"
"Aziz PARSPANCI",143,"https://turkplasticsurgery.org/Doctor-Infos/1340"
"BAHADIR ÇELİK",144,"https://turkplasticsurgery.org/Doctor-Infos/1574"
"BAHAR YILMAZ ARUS",145,"https://turkplasticsurgery.org/Doctor-Infos/120"
"BAHATTİN ÇELİKÖZ",126,"https://turkplasticsurgery.org/Doctor-Infos/118"
"BAHMAN OLYAİ",15,"https://turkplasticsurgery.org/Doctor-Infos/121"
"BAHRİYE İNCİ GÖKALAN KARA",146,"https://turkplasticsurgery.org/Doctor-Infos/119"
"BARAN KUL",15,"https://turkplasticsurgery.org/Doctor-Infos/122"
"BARIŞ ŞAHİN",15,"https://turkplasticsurgery.org/Doctor-Infos/123"
"BARIŞ KANIK",147,"https://turkplasticsurgery.org/Doctor-Infos/1831"
"BARIŞ YİĞİT",148,"https://turkplasticsurgery.org/Doctor-Infos/124"
"BAŞAR KAYA",149,"https://turkplasticsurgery.org/Doctor-Infos/1588"
"BAŞAR ERDOĞAN",150,"https://turkplasticsurgery.org/Doctor-Infos/1074"
"BEDRETTİN GÖRGÜN",69,"https://turkplasticsurgery.org/Doctor-Infos/125"
"BEGÜM KOLCU",151,"https://turkplasticsurgery.org/Doctor-Infos/1912"
"BEKİR ATİK",152,"https://turkplasticsurgery.org/Doctor-Infos/126"
"BEKİR CEM ZEYBEK",153,"https://turkplasticsurgery.org/Doctor-Infos/171"
"BELMA ŞAHİN",126,"https://turkplasticsurgery.org/Doctor-Infos/127"
"BELMA KAPILI",154,"https://turkplasticsurgery.org/Doctor-Infos/929"
"BERAT ÇİĞDEM",155,"https://turkplasticsurgery.org/Doctor-Infos/1426"
"BERAT BORA OK",15,"https://turkplasticsurgery.org/Doctor-Infos/1060"
"BERFU BABUCÇU",156,"https://turkplasticsurgery.org/Doctor-Infos/1064"
"Berkalp Berker",157,"https://turkplasticsurgery.org/Doctor-Infos/1463"
"BERKAN MERSA",158,"https://turkplasticsurgery.org/Doctor-Infos/129"
"BERKER BÜYÜKGÜRAL",67,"https://turkplasticsurgery.org/Doctor-Infos/130"
"BERRAK KARATAN",159,"https://turkplasticsurgery.org/Doctor-Infos/128"
"BESTE KARA",160,"https://turkplasticsurgery.org/Doctor-Infos/1409"
"BETÜL GÖZEL ULUSAL",15,"https://turkplasticsurgery.org/Doctor-Infos/131"
"BEYHAN ÇAKIR",10,"https://turkplasticsurgery.org/Doctor-Infos/132"
"BEYHAN KANMAZ",161,"https://turkplasticsurgery.org/Doctor-Infos/133"
"BEYZA TUĞÇE ÖZTÜRK",162,"https://turkplasticsurgery.org/Doctor-Infos/1937"
"BİLGE KAAN İSMAİL",163,"https://turkplasticsurgery.org/Doctor-Infos/1470"
"Bilge Kağan Aysal",164,"https://turkplasticsurgery.org/Doctor-Infos/1080"
"BİLGE TÜRK BİLEN",67,"https://turkplasticsurgery.org/Doctor-Infos/134"
"BİLGEN KATİPOĞLU ERENOĞLU",165,"https://turkplasticsurgery.org/Doctor-Infos/1134"
"BİLGEN CAN",166,"https://turkplasticsurgery.org/Doctor-Infos/135"
"BİLLUR SEZGİN",167,"https://turkplasticsurgery.org/Doctor-Infos/136"
"BİLSEV İNCE",168,"https://turkplasticsurgery.org/Doctor-Infos/137"
"BİRGÜL ASUMAN SEVİN",169,"https://turkplasticsurgery.org/Doctor-Infos/84"
"BİROL CİVELEK",170,"https://turkplasticsurgery.org/Doctor-Infos/138"
"BİRTAN ÇİÇEKÇİ",171,"https://turkplasticsurgery.org/Doctor-Infos/139"
"BORA YÜCEL",172,"https://turkplasticsurgery.org/Doctor-Infos/1572"
"BORA ÖZEL",173,"https://turkplasticsurgery.org/Doctor-Infos/140"
"BORA EDİM AKALIN",174,"https://turkplasticsurgery.org/Doctor-Infos/837"
"BUĞÇE BALLIOĞLU GÜNEY",175,"https://turkplasticsurgery.org/Doctor-Infos/2754"
"BUĞRA İPEK",176,"https://turkplasticsurgery.org/Doctor-Infos/1878"
"BURAK KAYA",177,"https://turkplasticsurgery.org/Doctor-Infos/145"
"BURAK YİĞENOĞLU",178,"https://turkplasticsurgery.org/Doctor-Infos/144"
"BURAK PASİNLİOĞLU",179,"https://turkplasticsurgery.org/Doctor-Infos/1445"
"BURAK YAŞAR",180,"https://turkplasticsurgery.org/Doctor-Infos/1447"
"BURAK ALAN",181,"https://turkplasticsurgery.org/Doctor-Infos/1696"
"BURAK ERSOY",182,"https://turkplasticsurgery.org/Doctor-Infos/141"
"BURAK ALHAN",183,"https://turkplasticsurgery.org/Doctor-Infos/1267"
"BURAK TÜRKYILMAZ",15,"https://turkplasticsurgery.org/Doctor-Infos/146"
"BURAK ERSEN",184,"https://turkplasticsurgery.org/Doctor-Infos/1242"
"BURAK ÖZKAN",185,"https://turkplasticsurgery.org/Doctor-Infos/1062"
"BURAK ERGÜN TATAR",186,"https://turkplasticsurgery.org/Doctor-Infos/1789"
"BURAK SERCAN ERÇİN",187,"https://turkplasticsurgery.org/Doctor-Infos/1251"
"BURCU ÇELET ÖZDEN",15,"https://turkplasticsurgery.org/Doctor-Infos/143"
"BURCU ALTINOK PARLAK",15,"https://turkplasticsurgery.org/Doctor-Infos/1551"
"BURÇAK ERDİNÇ",15,"https://turkplasticsurgery.org/Doctor-Infos/147"
"BURÇİN ACUNER",188,"https://turkplasticsurgery.org/Doctor-Infos/142"
"Burhan Demir",19,"https://turkplasticsurgery.org/Doctor-Infos/1334"
"BURHAN ÖZALP",15,"https://turkplasticsurgery.org/Doctor-Infos/148"
"Burkay Akduman",10,"https://turkplasticsurgery.org/Doctor-Infos/1481"
"BÜKEM CÜCE",189,"https://turkplasticsurgery.org/Doctor-Infos/1870"
"BÜLENT TEKEREKOĞLU",15,"https://turkplasticsurgery.org/Doctor-Infos/155"
"BÜLENT TÜRKYILMAZ",15,"https://turkplasticsurgery.org/Doctor-Infos/156"
"BÜLENT ÇIĞŞAR",10,"https://turkplasticsurgery.org/Doctor-Infos/150"
"BÜLENT SAÇAK",190,"https://turkplasticsurgery.org/Doctor-Infos/149"
"BÜLENT DEMİR",191,"https://turkplasticsurgery.org/Doctor-Infos/153"
"C. SALİH MOLLAOSMANOĞLU",192,"https://turkplasticsurgery.org/Doctor-Infos/158"
"CAFERİ TAYYAR SELÇUK",193,"https://turkplasticsurgery.org/Doctor-Infos/157"
"CAN ÖZTÜRK",194,"https://turkplasticsurgery.org/Doctor-Infos/163"
"CAN İŞLER",195,"https://turkplasticsurgery.org/Doctor-Infos/161"
"CAN KARACA",196,"https://turkplasticsurgery.org/Doctor-Infos/162"
"CAN KOPAL",197,"https://turkplasticsurgery.org/Doctor-Infos/1456"
"Can Ekinci",198,"https://turkplasticsurgery.org/Doctor-Infos/1544"
"Can Uslu",199,"https://turkplasticsurgery.org/Doctor-Infos/1687"
"can ege yalçın",200,"https://turkplasticsurgery.org/Doctor-Infos/1910"
"CAN İLKER DEMİR",201,"https://turkplasticsurgery.org/Doctor-Infos/1019"
"CAN İMDAT ENGİN",25,"https://turkplasticsurgery.org/Doctor-Infos/160"
"Can Zeliha GÜL",202,"https://turkplasticsurgery.org/Doctor-Infos/1146"
"CANDEMİR CERAN",15,"https://turkplasticsurgery.org/Doctor-Infos/164"
"CANER KAYA",203,"https://turkplasticsurgery.org/Doctor-Infos/1704"
"CANER KAÇMAZ",15,"https://turkplasticsurgery.org/Doctor-Infos/165"
"Caner Gelbal",204,"https://turkplasticsurgery.org/Doctor-Infos/2020"
"CANSER YILMAZ DEMİR",205,"https://turkplasticsurgery.org/Doctor-Infos/166"
"CANSU YALÇIN",151,"https://turkplasticsurgery.org/Doctor-Infos/1978"
"Celal Alioglu",206,"https://turkplasticsurgery.org/Doctor-Infos/1085"
"CELAL METİN ERER",140,"https://turkplasticsurgery.org/Doctor-Infos/487"
"CELALETTİN SEVER",15,"https://turkplasticsurgery.org/Doctor-Infos/170"
"CEM PAYASLI",15,"https://turkplasticsurgery.org/Doctor-Infos/169"
"CEM AYDIN",207,"https://turkplasticsurgery.org/Doctor-Infos/1854"
"CEM ÇERKEZ",208,"https://turkplasticsurgery.org/Doctor-Infos/167"
"CEM ÖZ",209,"https://turkplasticsurgery.org/Doctor-Infos/168"
"CEM BERKAY SINACI",210,"https://turkplasticsurgery.org/Doctor-Infos/1603"
"CEMAL FIRAT",211,"https://turkplasticsurgery.org/Doctor-Infos/174"
"CEMAL ALPER KEMALOĞLU",212,"https://turkplasticsurgery.org/Doctor-Infos/172"
"CEMAL BURAK SİRKECİ",81,"https://turkplasticsurgery.org/Doctor-Infos/1941"
"CEMİL IŞIK",213,"https://turkplasticsurgery.org/Doctor-Infos/1722"
"CEMİL TUGAY",10,"https://turkplasticsurgery.org/Doctor-Infos/178"
"CEMİL CAN CEDİDİ",214,"https://turkplasticsurgery.org/Doctor-Infos/2005"
"CEMİL ÖZERK DEMİRALP",15,"https://turkplasticsurgery.org/Doctor-Infos/177"
"CEMİLE NURDAN ÖZTÜRK",215,"https://turkplasticsurgery.org/Doctor-Infos/176"
"CENGİZ ERSEZEN",10,"https://turkplasticsurgery.org/Doctor-Infos/182"
"CENGİZ ÇETİN",113,"https://turkplasticsurgery.org/Doctor-Infos/180"
"CENGİZ AÇIKEL",19,"https://turkplasticsurgery.org/Doctor-Infos/179"
"CENGİZ ESER",216,"https://turkplasticsurgery.org/Doctor-Infos/181"
"CENGİZHAN EKİZCELİ",217,"https://turkplasticsurgery.org/Doctor-Infos/1390"
"CENK GÖRKEN",218,"https://turkplasticsurgery.org/Doctor-Infos/184"
"CENK DEMİRDÖVER",219,"https://turkplasticsurgery.org/Doctor-Infos/183"
"CENK ŞEN",15,"https://turkplasticsurgery.org/Doctor-Infos/185"
"Ceyhun Cesur",15,"https://turkplasticsurgery.org/Doctor-Infos/1017"
"CEYHUN UZUN",220,"https://turkplasticsurgery.org/Doctor-Infos/1931"
"CİHAN GENÇTÜRK",221,"https://turkplasticsurgery.org/Doctor-Infos/1913"
"CİHAN UÇAR",15,"https://turkplasticsurgery.org/Doctor-Infos/187"
"CİHAN ŞAHİN",19,"https://turkplasticsurgery.org/Doctor-Infos/186"
"COŞKUN ERÇEL",222,"https://turkplasticsurgery.org/Doctor-Infos/194"
"ÇAĞATAY FALCIOĞLU",67,"https://turkplasticsurgery.org/Doctor-Infos/1238"
"ÇAĞATAY ÖNER",223,"https://turkplasticsurgery.org/Doctor-Infos/1576"
"ÇAĞDAŞ ORMAN",224,"https://turkplasticsurgery.org/Doctor-Infos/188"
"ÇAĞDAŞ DURU",225,"https://turkplasticsurgery.org/Doctor-Infos/1721"
"ÇAĞHAN BAYTEKİN",226,"https://turkplasticsurgery.org/Doctor-Infos/189"
"Çağhan Benli",227,"https://turkplasticsurgery.org/Doctor-Infos/1317"
"ÇAĞIL MERİÇ ERENOĞLU",15,"https://turkplasticsurgery.org/Doctor-Infos/964"
"ÇAĞLA ÇİÇEK",228,"https://turkplasticsurgery.org/Doctor-Infos/986"
"ÇAĞLAYAN YAĞMUR",15,"https://turkplasticsurgery.org/Doctor-Infos/190"
"ÇAĞRI ÇAKMAKOĞLU",229,"https://turkplasticsurgery.org/Doctor-Infos/1117"
"ÇAĞRI BERK ARIKAN",230,"https://turkplasticsurgery.org/Doctor-Infos/1904"
"ÇAVGIN YILDIRIM ÖNAL",220,"https://turkplasticsurgery.org/Doctor-Infos/1915"
"ÇETİN DUYGU",15,"https://turkplasticsurgery.org/Doctor-Infos/191"
"ÇİĞDEM KARADAĞ",231,"https://turkplasticsurgery.org/Doctor-Infos/225"
"ÇİĞDEM ÜNAL GÜLMEDEN",15,"https://turkplasticsurgery.org/Doctor-Infos/193"
"ÇİĞDEM DEMİROĞLU YAKUT",19,"https://turkplasticsurgery.org/Doctor-Infos/192"
"ÇİĞDEM DERYA YILDIRIM",232,"https://turkplasticsurgery.org/Doctor-Infos/879"
"D. REHA GENÇOSMANOĞLU",233,"https://turkplasticsurgery.org/Doctor-Infos/196"
"DAĞHAN DAĞDELEN",234,"https://turkplasticsurgery.org/Doctor-Infos/985"
"DAĞHAN IŞIK",15,"https://turkplasticsurgery.org/Doctor-Infos/195"
"Damla Gencel",235,"https://turkplasticsurgery.org/Doctor-Infos/1365"
"DEFNE ERKARA",19,"https://turkplasticsurgery.org/Doctor-Infos/197"
"DENİZ KÜÇÜKKAYA",236,"https://turkplasticsurgery.org/Doctor-Infos/199"
"DENİZ İŞÇEN",237,"https://turkplasticsurgery.org/Doctor-Infos/198"
"DENİZ UYANIK GÜNEŞ",238,"https://turkplasticsurgery.org/Doctor-Infos/911"
"DENİZ YILDIRIM",239,"https://turkplasticsurgery.org/Doctor-Infos/1975"
"DENİZ KÖK",240,"https://turkplasticsurgery.org/Doctor-Infos/2027"
"Deniz Özgür SUCU",241,"https://turkplasticsurgery.org/Doctor-Infos/1600"
"DERVİŞ AKBİLEN",242,"https://turkplasticsurgery.org/Doctor-Infos/202"
"DERYA ÖZÇELİK",243,"https://turkplasticsurgery.org/Doctor-Infos/201"
"DERYA BİNGÖL",244,"https://turkplasticsurgery.org/Doctor-Infos/200"
"DEVRAN İĞREK",10,"https://turkplasticsurgery.org/Doctor-Infos/1654"
"Dicle İbrahimoğlu Sevük",19,"https://turkplasticsurgery.org/Doctor-Infos/1205"
"DİCLE YAŞAR AKSÖYLER",245,"https://turkplasticsurgery.org/Doctor-Infos/1265"
"DİLEK BAĞDATLI",15,"https://turkplasticsurgery.org/Doctor-Infos/203"
"DİLEK DEMİREZ",246,"https://turkplasticsurgery.org/Doctor-Infos/205"
"DİLEK KARAMAN AVŞAR",15,"https://turkplasticsurgery.org/Doctor-Infos/204"
"Dilek Tuğçe Kazancık",247,"https://turkplasticsurgery.org/Doctor-Infos/1549"
"DİLGEM MEMMEDOV",248,"https://turkplasticsurgery.org/Doctor-Infos/206"
"DİNÇER AKKUŞ",249,"https://turkplasticsurgery.org/Doctor-Infos/1670"
"DİNÇER ALTINEL",250,"https://turkplasticsurgery.org/Doctor-Infos/1568"
"DİREN ÇELİK",15,"https://turkplasticsurgery.org/Doctor-Infos/207"
"DOĞAN TUNCALI",126,"https://turkplasticsurgery.org/Doctor-Infos/209"
"DOĞAN ALHAN",251,"https://turkplasticsurgery.org/Doctor-Infos/208"
"Doğuş Yalçın",252,"https://turkplasticsurgery.org/Doctor-Infos/1047"
"DUDU DİLEK YAVUZ",67,"https://turkplasticsurgery.org/Doctor-Infos/1415"
"Duran Çekiç",253,"https://turkplasticsurgery.org/Doctor-Infos/2063"
"DUYGU ŞİBAR",254,"https://turkplasticsurgery.org/Doctor-Infos/1863"
"DUYGU AKSOY",15,"https://turkplasticsurgery.org/Doctor-Infos/210"
"DÜRDANE KESKİN",15,"https://turkplasticsurgery.org/Doctor-Infos/211"
"EBRU YÖRÜK",255,"https://turkplasticsurgery.org/Doctor-Infos/1793"
"EBRU DURMUŞ",256,"https://turkplasticsurgery.org/Doctor-Infos/212"
"EBRU ŞEN",15,"https://turkplasticsurgery.org/Doctor-Infos/213"
"EBUBEKİR KARAKAŞ",28,"https://turkplasticsurgery.org/Doctor-Infos/1750"
"ECE NUR DURSUN",257,"https://turkplasticsurgery.org/Doctor-Infos/1948"
"ECMEL SONGÜR",258,"https://turkplasticsurgery.org/Doctor-Infos/215"
"EDA IŞIL ALP",259,"https://turkplasticsurgery.org/Doctor-Infos/214"
"EKSAL KARGI",260,"https://turkplasticsurgery.org/Doctor-Infos/220"
"ELİF ŞANLI",261,"https://turkplasticsurgery.org/Doctor-Infos/216"
"ELİF YILMAZ",10,"https://turkplasticsurgery.org/Doctor-Infos/217"
"ELİF AKBAY",262,"https://turkplasticsurgery.org/Doctor-Infos/1444"
"ELNARA MAMMADOVA",263,"https://turkplasticsurgery.org/Doctor-Infos/1124"
"ELVAN BAYRAKTAR",15,"https://turkplasticsurgery.org/Doctor-Infos/860"
"Elvin Aliyev",264,"https://turkplasticsurgery.org/Doctor-Infos/1561"
"EMEL YURDAKUL SIKAR",10,"https://turkplasticsurgery.org/Doctor-Infos/219"
"EMİN KAPI",67,"https://turkplasticsurgery.org/Doctor-Infos/221"
"EMİN SIR",265,"https://turkplasticsurgery.org/Doctor-Infos/223"
"EMİN TUNCAY ÜSTÜNER",15,"https://turkplasticsurgery.org/Doctor-Infos/224"
"EMİNE EVRİM UÇKUNKAYA PORTNER",266,"https://turkplasticsurgery.org/Doctor-Infos/930"
"EMİNE HANDAN ŞİMŞEK TURAN",267,"https://turkplasticsurgery.org/Doctor-Infos/1935"
"EMİR BURAK YÜKSEL",15,"https://turkplasticsurgery.org/Doctor-Infos/864"
"EMİRALİ HAMİLOĞLU",268,"https://turkplasticsurgery.org/Doctor-Infos/226"
"EMRAH ASLAN",15,"https://turkplasticsurgery.org/Doctor-Infos/228"
"EMRAH IŞIKTEKİN",269,"https://turkplasticsurgery.org/Doctor-Infos/1673"
"EMRAH ARSLAN",15,"https://turkplasticsurgery.org/Doctor-Infos/227"
"EMRAH EFE ASLANER",270,"https://turkplasticsurgery.org/Doctor-Infos/229"
"EMRAH KAĞAN YAŞAR",271,"https://turkplasticsurgery.org/Doctor-Infos/230"
"EMRE HOCAOĞLU",272,"https://turkplasticsurgery.org/Doctor-Infos/231"
"EMRE İNÖZÜ",273,"https://turkplasticsurgery.org/Doctor-Infos/932"
"Emre Özer",274,"https://turkplasticsurgery.org/Doctor-Infos/1813"
"EMRE GÜVERCİN",275,"https://turkplasticsurgery.org/Doctor-Infos/1008"
"EMRE ÖZDENGİL",276,"https://turkplasticsurgery.org/Doctor-Infos/232"
"Emre Özbey",277,"https://turkplasticsurgery.org/Doctor-Infos/2761"
"EMRE ÖZENALP",278,"https://turkplasticsurgery.org/Doctor-Infos/1980"
"EMRE GÖNENÇ BAYGÖL",279,"https://turkplasticsurgery.org/Doctor-Infos/1828"
"ENDER CEYLAN",280,"https://turkplasticsurgery.org/Doctor-Infos/846"
"ENES AGAH KODALAK",281,"https://turkplasticsurgery.org/Doctor-Infos/1653"
"ENGİN ÖCAL",10,"https://turkplasticsurgery.org/Doctor-Infos/233"
"ENGİN SELAMİOĞLU",78,"https://turkplasticsurgery.org/Doctor-Infos/1067"
"ENİS MERT",282,"https://turkplasticsurgery.org/Doctor-Infos/1245"
"ENSAR ZAFER BARIN",283,"https://turkplasticsurgery.org/Doctor-Infos/917"
"ENVER ARPACI",284,"https://turkplasticsurgery.org/Doctor-Infos/234"
"ERCAN YAVUZ",285,"https://turkplasticsurgery.org/Doctor-Infos/1266"
"ERCAN ÇAKMAK",286,"https://turkplasticsurgery.org/Doctor-Infos/238"
"ERCAN CİHANDİDE",287,"https://turkplasticsurgery.org/Doctor-Infos/236"
"ERCAN DEMİRBAĞ",236,"https://turkplasticsurgery.org/Doctor-Infos/237"
"ERCAN KARACAOĞLU",288,"https://turkplasticsurgery.org/Doctor-Infos/239"
"ERDAL TUĞSEL",126,"https://turkplasticsurgery.org/Doctor-Infos/240"
"ERDEM TEZEL",289,"https://turkplasticsurgery.org/Doctor-Infos/242"
"ERDEM YORMUK",25,"https://turkplasticsurgery.org/Doctor-Infos/243"
"ERDEM AKSOY",290,"https://turkplasticsurgery.org/Doctor-Infos/1168"
"ERDEM GÜVEN",291,"https://turkplasticsurgery.org/Doctor-Infos/241"
"ERDEN ERKUT ERKOL",292,"https://turkplasticsurgery.org/Doctor-Infos/1787"
"Erdi Kaya",293,"https://turkplasticsurgery.org/Doctor-Infos/1583"
"EREN TUNCER",140,"https://turkplasticsurgery.org/Doctor-Infos/1796"
"ERGİN ERDOĞAN",294,"https://turkplasticsurgery.org/Doctor-Infos/1974"
"ERGİN IŞIK",295,"https://turkplasticsurgery.org/Doctor-Infos/1075"
"Ergin ER",296,"https://turkplasticsurgery.org/Doctor-Infos/854"
"Erhan Güneri",132,"https://turkplasticsurgery.org/Doctor-Infos/1353"
"ERHAN ŞAFAK",297,"https://turkplasticsurgery.org/Doctor-Infos/248"
"ERHAN SÖNMEZ",298,"https://turkplasticsurgery.org/Doctor-Infos/247"
"ERHAN COŞKUN",299,"https://turkplasticsurgery.org/Doctor-Infos/246"
"Erkan Yüce",300,"https://turkplasticsurgery.org/Doctor-Infos/1681"
"ERKAN DENİZ",301,"https://turkplasticsurgery.org/Doctor-Infos/1698"
"ERKAN KEREM KAYA",302,"https://turkplasticsurgery.org/Doctor-Infos/1873"
"ERKİN ÖNSAL",303,"https://turkplasticsurgery.org/Doctor-Infos/249"
"Erman Menekşe",304,"https://turkplasticsurgery.org/Doctor-Infos/1383"
"ERMAN AK",305,"https://turkplasticsurgery.org/Doctor-Infos/1636"
"EROL KIŞLAOĞLU",15,"https://turkplasticsurgery.org/Doctor-Infos/255"
"EROL BENLİER",306,"https://turkplasticsurgery.org/Doctor-Infos/252"
"EROL KESİKTAŞ",15,"https://turkplasticsurgery.org/Doctor-Infos/254"
"EROL KOZANOĞLU",307,"https://turkplasticsurgery.org/Doctor-Infos/915"
"Ersin Gür",308,"https://turkplasticsurgery.org/Doctor-Infos/1068"
"ERSİN AKŞAM",298,"https://turkplasticsurgery.org/Doctor-Infos/257"
"ERSİN ÜLKÜR",15,"https://turkplasticsurgery.org/Doctor-Infos/256"
"ERSİN YAVUZ",81,"https://turkplasticsurgery.org/Doctor-Infos/1940"
"ERSOY KONAŞ",309,"https://turkplasticsurgery.org/Doctor-Infos/258"
"ERTAN EREL",310,"https://turkplasticsurgery.org/Doctor-Infos/259"
"ERTUĞRUL KARANFİL",311,"https://turkplasticsurgery.org/Doctor-Infos/1788"
"ESABİL EKER",312,"https://turkplasticsurgery.org/Doctor-Infos/1451"
"ESABİL YÜKSEL",313,"https://turkplasticsurgery.org/Doctor-Infos/1620"
"ESAT ENGİN ÜSTÜNSOY",134,"https://turkplasticsurgery.org/Doctor-Infos/261"
"ESAT TEVFİK ÇETİN",314,"https://turkplasticsurgery.org/Doctor-Infos/1374"
"ESEN İBRAHİM KARAKAYA",19,"https://turkplasticsurgery.org/Doctor-Infos/1458"
"ESER AYDOĞDU BİLGE",315,"https://turkplasticsurgery.org/Doctor-Infos/1513"
"ESER YÜKSEL",15,"https://turkplasticsurgery.org/Doctor-Infos/262"
"ESİN AKSUNGUR",15,"https://turkplasticsurgery.org/Doctor-Infos/263"
"ESRA ÇELİK ŞENEL",15,"https://turkplasticsurgery.org/Doctor-Infos/891"
"ESRA BİLGEN",259,"https://turkplasticsurgery.org/Doctor-Infos/1056"
"ETHEM GÜNEREN",316,"https://turkplasticsurgery.org/Doctor-Infos/265"
"ETKİN BOYNUYOĞUN",317,"https://turkplasticsurgery.org/Doctor-Infos/1799"
"Evren İşçi",236,"https://turkplasticsurgery.org/Doctor-Infos/268"
"EVREN HELVACI",259,"https://turkplasticsurgery.org/Doctor-Infos/267"
"EYÜPHAN GENCEL",318,"https://turkplasticsurgery.org/Doctor-Infos/269"
"FAHRİ MOLA",10,"https://turkplasticsurgery.org/Doctor-Infos/270"
"FARUK AKMANLAR",319,"https://turkplasticsurgery.org/Doctor-Infos/271"
"FATİH KILIÇ",320,"https://turkplasticsurgery.org/Doctor-Infos/967"
"FATİH DOĞAN",321,"https://turkplasticsurgery.org/Doctor-Infos/273"
"FATİH PEKER",322,"https://turkplasticsurgery.org/Doctor-Infos/277"
"FATİH IRMAK",323,"https://turkplasticsurgery.org/Doctor-Infos/274"
"FATİH ÇINAR",324,"https://turkplasticsurgery.org/Doctor-Infos/1791"
"FATİH TEKİN",325,"https://turkplasticsurgery.org/Doctor-Infos/279"
"FATİH UYGUR",15,"https://turkplasticsurgery.org/Doctor-Infos/276"
"FATİH KABAKAŞ",326,"https://turkplasticsurgery.org/Doctor-Infos/275"
"FATİH CERAN",327,"https://turkplasticsurgery.org/Doctor-Infos/1000"
"FATİH AKKAYA",328,"https://turkplasticsurgery.org/Doctor-Infos/1989"
"Fatih Alp Öztürk",329,"https://turkplasticsurgery.org/Doctor-Infos/1716"
"FATİH BURAK EFEOĞLU",330,"https://turkplasticsurgery.org/Doctor-Infos/992"
"FATMA BİLGEN",331,"https://turkplasticsurgery.org/Doctor-Infos/873"
"FATMA BETÜL AK BOZKIRLI",332,"https://turkplasticsurgery.org/Doctor-Infos/281"
"FATMA BUSE ÇAPKINOĞLU",333,"https://turkplasticsurgery.org/Doctor-Infos/887"
"FATMA FİGEN ÖZGÜR",334,"https://turkplasticsurgery.org/Doctor-Infos/282"
"FATMA NİHAL DURMUŞ KOCAASLAN",45,"https://turkplasticsurgery.org/Doctor-Infos/283"
"Fatma Nilay TUTAK",335,"https://turkplasticsurgery.org/Doctor-Infos/1176"
"FAZLI CENGİZ BAYRAM",336,"https://turkplasticsurgery.org/Doctor-Infos/284"
"FERHAN DAĞ",10,"https://turkplasticsurgery.org/Doctor-Infos/285"
"Feridun Elmas",10,"https://turkplasticsurgery.org/Doctor-Infos/1269"
"FERİT DEMİRKAN",337,"https://turkplasticsurgery.org/Doctor-Infos/286"
"FERRUH BİNGÜL",15,"https://turkplasticsurgery.org/Doctor-Infos/287"
"Fethi Sarper Mete",338,"https://turkplasticsurgery.org/Doctor-Infos/1048"
"Fethiye Damla Menkü Özdemir",339,"https://turkplasticsurgery.org/Doctor-Infos/1309"
"FIRAT ÖZER",340,"https://turkplasticsurgery.org/Doctor-Infos/870"
"FİKRET EREN",341,"https://turkplasticsurgery.org/Doctor-Infos/292"
"FİKRET ÇELİK",342,"https://turkplasticsurgery.org/Doctor-Infos/291"
"FUAT USLUSOY",343,"https://turkplasticsurgery.org/Doctor-Infos/1063"
"FUAT YÜKSEL",344,"https://turkplasticsurgery.org/Doctor-Infos/296"
"FULYA FINDIKÇIOĞLU",345,"https://turkplasticsurgery.org/Doctor-Infos/293"
"FUNDA AKÖZ SAYDAM",346,"https://turkplasticsurgery.org/Doctor-Infos/294"
"FURKAN KARABULUT",347,"https://turkplasticsurgery.org/Doctor-Infos/1264"
"FURKAN CERTEL",10,"https://turkplasticsurgery.org/Doctor-Infos/1655"
"FURKAN EROL KARABEKMEZ",348,"https://turkplasticsurgery.org/Doctor-Infos/295"
"GALİP GENCAY ÜSTÜN",349,"https://turkplasticsurgery.org/Doctor-Infos/1144"
"GALİP KEMALİ GÜNAY",350,"https://turkplasticsurgery.org/Doctor-Infos/298"
"GAMZE BEKTAŞ",259,"https://turkplasticsurgery.org/Doctor-Infos/299"
"GAMZE KURDAL",351,"https://turkplasticsurgery.org/Doctor-Infos/1608"
"GAYE TOPLU",352,"https://turkplasticsurgery.org/Doctor-Infos/301"
"GAYE FİLİNTE",353,"https://turkplasticsurgery.org/Doctor-Infos/300"
"GAZİ KUTALMIŞ YAPRAK",354,"https://turkplasticsurgery.org/Doctor-Infos/1617"
"GİZEM TÜRK",355,"https://turkplasticsurgery.org/Doctor-Infos/1602"
"GÖÇMEN ASLAN",356,"https://turkplasticsurgery.org/Doctor-Infos/1955"
"GÖKBERK ÇAVUŞOĞLU",357,"https://turkplasticsurgery.org/Doctor-Infos/1914"
"GÖKÇE YILDIRAN",358,"https://turkplasticsurgery.org/Doctor-Infos/1061"
"GÖKÇEN AYYILDIZ",359,"https://turkplasticsurgery.org/Doctor-Infos/302"
"GÖKÇEN ÇAKIR BOZKURT",360,"https://turkplasticsurgery.org/Doctor-Infos/1818"
"GÖKÇEN ORAN",361,"https://turkplasticsurgery.org/Doctor-Infos/303"
"GÖKHAN SERT",123,"https://turkplasticsurgery.org/Doctor-Infos/1263"
"GÖKHAN EFE",362,"https://turkplasticsurgery.org/Doctor-Infos/1702"
"GÖKHAN AKKÖK",363,"https://turkplasticsurgery.org/Doctor-Infos/1724"
"GÖKHAN ADANALI",364,"https://turkplasticsurgery.org/Doctor-Infos/304"
"GÖKHAN ÖZERDEM",365,"https://turkplasticsurgery.org/Doctor-Infos/306"
"GÖKHAN DOĞAN",366,"https://turkplasticsurgery.org/Doctor-Infos/305"
"GÖKHAN SEMERCİ",367,"https://turkplasticsurgery.org/Doctor-Infos/1917"
"GÖKHAN TEMİZ",134,"https://turkplasticsurgery.org/Doctor-Infos/307"
"GÖKTEKİN TENEKECİ",368,"https://turkplasticsurgery.org/Doctor-Infos/308"
"görkem çalışkan",369,"https://turkplasticsurgery.org/Doctor-Infos/1994"
"Gözde Akyol",370,"https://turkplasticsurgery.org/Doctor-Infos/1364"
"GÜLAY BOZTOSUN",132,"https://turkplasticsurgery.org/Doctor-Infos/309"
"GÜLBEYAZ SEVİN ÖZGÜL",371,"https://turkplasticsurgery.org/Doctor-Infos/1407"
"GÜLÇİN NUJEN AYÇİÇEK ÇARDAK",372,"https://turkplasticsurgery.org/Doctor-Infos/1752"
"GÜLDEN AVCI ÇAKMAK",373,"https://turkplasticsurgery.org/Doctor-Infos/313"
"GÜLER GÜRSU",350,"https://turkplasticsurgery.org/Doctor-Infos/310"
"GÜLER GAMZE EREN",19,"https://turkplasticsurgery.org/Doctor-Infos/918"
"GÜLİZ YILMAZ",374,"https://turkplasticsurgery.org/Doctor-Infos/314"
"GÜLLÜ KORKMAZ SOLMAZ",375,"https://turkplasticsurgery.org/Doctor-Infos/312"
"GÜLRİZ KARGÜL",15,"https://turkplasticsurgery.org/Doctor-Infos/316"
"GÜLSÜM TETİK",15,"https://turkplasticsurgery.org/Doctor-Infos/311"
"GÜLSÜM ÇEBİ",376,"https://turkplasticsurgery.org/Doctor-Infos/1961"
"GÜLŞAH USLU YUNUSOĞLU",15,"https://turkplasticsurgery.org/Doctor-Infos/315"
"GÜNCEL ÖZTÜRK",15,"https://turkplasticsurgery.org/Doctor-Infos/317"
"GÜNİZ EKER ULUÇAY",377,"https://turkplasticsurgery.org/Doctor-Infos/1027"
"GÜRAY YILMAZ",378,"https://turkplasticsurgery.org/Doctor-Infos/318"
"GÜRCAN ASLAN",15,"https://turkplasticsurgery.org/Doctor-Infos/319"
"GÜRHAN ÖZCAN",126,"https://turkplasticsurgery.org/Doctor-Infos/320"
"GÜRLER AKINBİNGÖL",10,"https://turkplasticsurgery.org/Doctor-Infos/322"
"GÜRSEL TURGUT",379,"https://turkplasticsurgery.org/Doctor-Infos/323"
"GÜVEN OZAN KAPLAN",380,"https://turkplasticsurgery.org/Doctor-Infos/1947"
"GÜZİN YEŞİM ÖZGENEL",381,"https://turkplasticsurgery.org/Doctor-Infos/324"
"H. BAKİ ÇOKNEŞELİ",15,"https://turkplasticsurgery.org/Doctor-Infos/326"
"HACER BANU AKSOY",382,"https://turkplasticsurgery.org/Doctor-Infos/325"
"HACI ÖMER SAĞIR",15,"https://turkplasticsurgery.org/Doctor-Infos/889"
"HAKAN GENCE",15,"https://turkplasticsurgery.org/Doctor-Infos/334"
"HAKAN ÖZOCAK",383,"https://turkplasticsurgery.org/Doctor-Infos/1623"
"HAKAN GÜNDOĞAN",15,"https://turkplasticsurgery.org/Doctor-Infos/336"
"HAKAN TEKİN",384,"https://turkplasticsurgery.org/Doctor-Infos/338"
"HAKAN KEREM",19,"https://turkplasticsurgery.org/Doctor-Infos/331"
"HAKAN UZUN",123,"https://turkplasticsurgery.org/Doctor-Infos/340"
"HAKAN GÜNEY",15,"https://turkplasticsurgery.org/Doctor-Infos/335"
"HAKAN AYDOĞAN",385,"https://turkplasticsurgery.org/Doctor-Infos/333"
"HAKAN ŞİRİNOĞLU",386,"https://turkplasticsurgery.org/Doctor-Infos/337"
"HAKAN ÇİNAL",201,"https://turkplasticsurgery.org/Doctor-Infos/975"
"HAKAN DEMİR",387,"https://turkplasticsurgery.org/Doctor-Infos/1573"
"HAKAN ARSLAN",388,"https://turkplasticsurgery.org/Doctor-Infos/329"
"HAKAN AKTAŞ",389,"https://turkplasticsurgery.org/Doctor-Infos/1302"
"HAKAN AĞIR",390,"https://turkplasticsurgery.org/Doctor-Infos/332"
"HAKAN TEYMUR",391,"https://turkplasticsurgery.org/Doctor-Infos/339"
"Hakkı Hayrettin İZMİRLİ",392,"https://turkplasticsurgery.org/Doctor-Infos/1542"
"HAKKI YÜCEL DEMİR",132,"https://turkplasticsurgery.org/Doctor-Infos/341"
"HALDUN ONURALP KAMBUROĞLU",393,"https://turkplasticsurgery.org/Doctor-Infos/342"
"HALİL IŞIK",394,"https://turkplasticsurgery.org/Doctor-Infos/1355"
"HALİL EGE ÖZGENTAŞ",395,"https://turkplasticsurgery.org/Doctor-Infos/218"
"HALİL İBRAHİM CANTER",19,"https://turkplasticsurgery.org/Doctor-Infos/343"
"HALİL İBRAHİM KANLIKAMA",396,"https://turkplasticsurgery.org/Doctor-Infos/1352"
"HALİL İBRAHİM ÖZKUŞ",350,"https://turkplasticsurgery.org/Doctor-Infos/1996"
"HALİL ŞAFAK UYGUR",397,"https://turkplasticsurgery.org/Doctor-Infos/344"
"HALİT BAYKAN",398,"https://turkplasticsurgery.org/Doctor-Infos/345"
"HALİT URGAN",10,"https://turkplasticsurgery.org/Doctor-Infos/346"
"HALUK DUMAN",399,"https://turkplasticsurgery.org/Doctor-Infos/347"
"HALUK VAYVADA",196,"https://turkplasticsurgery.org/Doctor-Infos/349"
"HALUK MIDOĞLU",10,"https://turkplasticsurgery.org/Doctor-Infos/348"
"HAMIDREZA SAMANİ",236,"https://turkplasticsurgery.org/Doctor-Infos/913"
"HAMİT GÖZ",400,"https://turkplasticsurgery.org/Doctor-Infos/350"
"HAMİT SONER TATLIDEDE",401,"https://turkplasticsurgery.org/Doctor-Infos/328"
"HANDE AKDENİZ",402,"https://turkplasticsurgery.org/Doctor-Infos/1556"
"HANİFE AKINOĞLU",15,"https://turkplasticsurgery.org/Doctor-Infos/351"
"HARUN ÇÖLOĞLU",403,"https://turkplasticsurgery.org/Doctor-Infos/352"
"HARUN ÖZKAN",15,"https://turkplasticsurgery.org/Doctor-Infos/353"
"HARUN YILMAZ",404,"https://turkplasticsurgery.org/Doctor-Infos/1869"
"Harun Karaduman",405,"https://turkplasticsurgery.org/Doctor-Infos/1335"
"HASAN BÜYÜKDOĞAN",406,"https://turkplasticsurgery.org/Doctor-Infos/1621"
"HASAN ATEŞ",15,"https://turkplasticsurgery.org/Doctor-Infos/354"
"HASAN GÜÇ",407,"https://turkplasticsurgery.org/Doctor-Infos/355"
"HASAN DEMİRBAŞOĞLU",151,"https://turkplasticsurgery.org/Doctor-Infos/1911"
"Hasan Çelik",408,"https://turkplasticsurgery.org/Doctor-Infos/1149"
"HASAN FINDIK",132,"https://turkplasticsurgery.org/Doctor-Infos/357"
"HASAN ALIM",409,"https://turkplasticsurgery.org/Doctor-Infos/912"
"HASAN BASRİ ÇAĞLI",410,"https://turkplasticsurgery.org/Doctor-Infos/1767"
"HASAN METE AKSOY",411,"https://turkplasticsurgery.org/Doctor-Infos/1270"
"HASAN MURAT ERGANİ",180,"https://turkplasticsurgery.org/Doctor-Infos/1598"
"HASAN OZAN KURT",67,"https://turkplasticsurgery.org/Doctor-Infos/1725"
"HASAN TUNA TÜRKMEN",412,"https://turkplasticsurgery.org/Doctor-Infos/1512"
"HASAN UTKAN AYDIN",413,"https://turkplasticsurgery.org/Doctor-Infos/356"
"HASBİ MERT MERAL",362,"https://turkplasticsurgery.org/Doctor-Infos/1701"
"Hasip Şamil Yazgan",414,"https://turkplasticsurgery.org/Doctor-Infos/1211"
"HAŞİM ERAY COPCU",415,"https://turkplasticsurgery.org/Doctor-Infos/235"
"HAŞİM ÖZGÜR ERDEM",416,"https://turkplasticsurgery.org/Doctor-Infos/358"
"HAŞMET SEÇKİN OKŞAR",417,"https://turkplasticsurgery.org/Doctor-Infos/359"
"Hatice Aylin Yılmaz",100,"https://turkplasticsurgery.org/Doctor-Infos/1332"
"Hatice Bilkur Öztürk",418,"https://turkplasticsurgery.org/Doctor-Infos/2756"
"HATİCE GÖZDE MURATOĞLU",419,"https://turkplasticsurgery.org/Doctor-Infos/1649"
"HATİCE HÜLYA AYDIN",420,"https://turkplasticsurgery.org/Doctor-Infos/366"
"HAYATİ AKBAŞ",421,"https://turkplasticsurgery.org/Doctor-Infos/361"
"HAYRİ AHMET BURAK NURŞEN",422,"https://turkplasticsurgery.org/Doctor-Infos/1977"
"HAYRİ ÖMER BERKÖZ",423,"https://turkplasticsurgery.org/Doctor-Infos/360"
"HEVAL SELMAN ÖZKAN",259,"https://turkplasticsurgery.org/Doctor-Infos/362"
"HIDIR KILINÇ",424,"https://turkplasticsurgery.org/Doctor-Infos/363"
"HİKMET KARAYEL",425,"https://turkplasticsurgery.org/Doctor-Infos/365"
"HİKMET CAN DOĞRUEL",426,"https://turkplasticsurgery.org/Doctor-Infos/1988"
"HİKMET İHSAN EREN",427,"https://turkplasticsurgery.org/Doctor-Infos/1037"
"Houtan Zolfagharpour",428,"https://turkplasticsurgery.org/Doctor-Infos/1344"
"HURREM ŞEBNEM GÜRLER",429,"https://turkplasticsurgery.org/Doctor-Infos/367"
"HÜSAMETTİN TOP",430,"https://turkplasticsurgery.org/Doctor-Infos/368"
"HÜSEYİN BORMAN",431,"https://turkplasticsurgery.org/Doctor-Infos/369"
"HÜSEYİN ZEYBEK",432,"https://turkplasticsurgery.org/Doctor-Infos/1014"
"HÜSEYİN KARAGÖZ",433,"https://turkplasticsurgery.org/Doctor-Infos/372"
"HÜSEYİN GÜNER",15,"https://turkplasticsurgery.org/Doctor-Infos/370"
"HÜSEYİN UYGUN",15,"https://turkplasticsurgery.org/Doctor-Infos/374"
"HÜSEYİN KANDULU",434,"https://turkplasticsurgery.org/Doctor-Infos/371"
"HÜSEYİN ELBEY",435,"https://turkplasticsurgery.org/Doctor-Infos/919"
"Hüseyin Can Yücel",436,"https://turkplasticsurgery.org/Doctor-Infos/1500"
"Hüseyin Emre Ulukaya",437,"https://turkplasticsurgery.org/Doctor-Infos/1319"
"HÜSEYİN FATİH ÖKTEM",333,"https://turkplasticsurgery.org/Doctor-Infos/373"
"HÜSNÜ HACI",438,"https://turkplasticsurgery.org/Doctor-Infos/1260"
"IŞIL AKGÜN DEMİR",67,"https://turkplasticsurgery.org/Doctor-Infos/1414"
"İ. SEYHAN ÇENETOĞLU",439,"https://turkplasticsurgery.org/Doctor-Infos/375"
"İBRAHİM VARGEL",334,"https://turkplasticsurgery.org/Doctor-Infos/385"
"İBRAHİM ORAK",15,"https://turkplasticsurgery.org/Doctor-Infos/380"
"İBRAHİM OSKUİ",440,"https://turkplasticsurgery.org/Doctor-Infos/381"
"İBRAHİM SAĞLAM",441,"https://turkplasticsurgery.org/Doctor-Infos/383"
"İBRAHİM TABAKAN",442,"https://turkplasticsurgery.org/Doctor-Infos/384"
"İBRAHİM BARIŞ ÇAĞLAR",443,"https://turkplasticsurgery.org/Doctor-Infos/378"
"İBRAHİM GİRAY GENÇ",444,"https://turkplasticsurgery.org/Doctor-Infos/1505"
"İBRAHİM KARACA BAŞARAN",15,"https://turkplasticsurgery.org/Doctor-Infos/867"
"İBRAHİM ORGUN DEREN",445,"https://turkplasticsurgery.org/Doctor-Infos/576"
"İDRİS ERSİN",19,"https://turkplasticsurgery.org/Doctor-Infos/1262"
"İHSAN TÜRKMEN",446,"https://turkplasticsurgery.org/Doctor-Infos/920"
"İHSAN BAŞARAN",447,"https://turkplasticsurgery.org/Doctor-Infos/387"
"İHTİŞAM ZAFER CENGİZ",448,"https://turkplasticsurgery.org/Doctor-Infos/1963"
"İLGİ DİNÇOK",449,"https://turkplasticsurgery.org/Doctor-Infos/388"
"İLHAMİ OĞUZHAN AYDOĞDU",450,"https://turkplasticsurgery.org/Doctor-Infos/390"
"İLHAN YÜKSEL",451,"https://turkplasticsurgery.org/Doctor-Infos/1389"
"İLHAN ERDEM",452,"https://turkplasticsurgery.org/Doctor-Infos/1453"
"İLHAN SERDAROĞLU",132,"https://turkplasticsurgery.org/Doctor-Infos/389"
"İLKAY HÜTHÜT",453,"https://turkplasticsurgery.org/Doctor-Infos/391"
"İLKAY SÖYÜNCÜ",454,"https://turkplasticsurgery.org/Doctor-Infos/392"
"İLKE KARAGÖZ",455,"https://turkplasticsurgery.org/Doctor-Infos/1936"
"İLKER APAYDIN",15,"https://turkplasticsurgery.org/Doctor-Infos/393"
"İlker Çiçek",456,"https://turkplasticsurgery.org/Doctor-Infos/1659"
"İLKER UYAR",457,"https://turkplasticsurgery.org/Doctor-Infos/1452"
"İlker Altundağ",458,"https://turkplasticsurgery.org/Doctor-Infos/1314"
"İLKER YAZICI",459,"https://turkplasticsurgery.org/Doctor-Infos/394"
"İLKNUR BAYIR",460,"https://turkplasticsurgery.org/Doctor-Infos/1648"
"İLSUN AKA",461,"https://turkplasticsurgery.org/Doctor-Infos/395"
"İRFAN ERDEM",462,"https://turkplasticsurgery.org/Doctor-Infos/396"
"İRFAN ÖZYAZGAN",463,"https://turkplasticsurgery.org/Doctor-Infos/398"
"İRFAN AYDIN",15,"https://turkplasticsurgery.org/Doctor-Infos/397"
"İSKENDER MEHMET NURİ BATTAL",15,"https://turkplasticsurgery.org/Doctor-Infos/561"
"İSMAİL KÜÇÜKER",464,"https://turkplasticsurgery.org/Doctor-Infos/399"
"İSMAİL ŞAHİN",132,"https://turkplasticsurgery.org/Doctor-Infos/403"
"İSMAİL KURAN",15,"https://turkplasticsurgery.org/Doctor-Infos/400"
"İSMAİL GÖKHAN BACAK",465,"https://turkplasticsurgery.org/Doctor-Infos/1905"
"İSMAİL MİTHAT AKAN",466,"https://turkplasticsurgery.org/Doctor-Infos/491"
"İSMAİL MURAT ONYEDİ",467,"https://turkplasticsurgery.org/Doctor-Infos/402"
"İSMET BİNGÖL",350,"https://turkplasticsurgery.org/Doctor-Infos/1050"
"İSMET ALPAYDIN",468,"https://turkplasticsurgery.org/Doctor-Infos/401"
"JALE ÖZDEMİR",469,"https://turkplasticsurgery.org/Doctor-Infos/404"
"Kadir ÇİÇEK",470,"https://turkplasticsurgery.org/Doctor-Infos/1360"
"Kadri Akıncı",471,"https://turkplasticsurgery.org/Doctor-Infos/1301"
"KADRİ ÖZER",238,"https://turkplasticsurgery.org/Doctor-Infos/914"
"KADRİYE İPEK UZUNOĞLU",472,"https://turkplasticsurgery.org/Doctor-Infos/1949"
"KAHRAMAN BERKHAN YILMAZ",473,"https://turkplasticsurgery.org/Doctor-Infos/406"
"KAMİL YILDIRIM",474,"https://turkplasticsurgery.org/Doctor-Infos/1569"
"KAMİL KILIÇ",67,"https://turkplasticsurgery.org/Doctor-Infos/411"
"Kamil Manav",475,"https://turkplasticsurgery.org/Doctor-Infos/1295"
"KAMİL GÜRAY YEŞİLADALI",10,"https://turkplasticsurgery.org/Doctor-Infos/412"
"KAMRAN EFENDİOĞLU",476,"https://turkplasticsurgery.org/Doctor-Infos/409"
"KAMURAN ZEYNEP SEVİM",477,"https://turkplasticsurgery.org/Doctor-Infos/410"
"KEMAL UĞURLU",478,"https://turkplasticsurgery.org/Doctor-Infos/416"
"KEMAL FINDIKÇIOĞLU",479,"https://turkplasticsurgery.org/Doctor-Infos/414"
"KEMAL İSLAMOĞLU",10,"https://turkplasticsurgery.org/Doctor-Infos/415"
"Kemal cemre Boza",480,"https://turkplasticsurgery.org/Doctor-Infos/1925"
"KEMAL TUNÇ TİRYAKİ",15,"https://turkplasticsurgery.org/Doctor-Infos/746"
"KEMALETTİN YILDIZ",481,"https://turkplasticsurgery.org/Doctor-Infos/417"
"KENAN ATABAY",126,"https://turkplasticsurgery.org/Doctor-Infos/418"
"KENAN AKBAŞ",482,"https://turkplasticsurgery.org/Doctor-Infos/883"
"Kerem Yılmaz",483,"https://turkplasticsurgery.org/Doctor-Infos/1296"
"KIRDAR GÜNEY",484,"https://turkplasticsurgery.org/Doctor-Infos/419"
"KORAY GÜRSOY",19,"https://turkplasticsurgery.org/Doctor-Infos/421"
"KORAY COŞKUNFIRAT",10,"https://turkplasticsurgery.org/Doctor-Infos/420"
"KUBİLAY ÖZDİL",15,"https://turkplasticsurgery.org/Doctor-Infos/423"
"KUTAY ULUTAŞ",485,"https://turkplasticsurgery.org/Doctor-Infos/424"
"KUTAY DURUKAN",486,"https://turkplasticsurgery.org/Doctor-Infos/1547"
"Kübra Bi",487,"https://turkplasticsurgery.org/Doctor-Infos/1498"
"KÜBRA ECE KALAFATLAR",40,"https://turkplasticsurgery.org/Doctor-Infos/1630"
"LEVENT YOLERİ",488,"https://turkplasticsurgery.org/Doctor-Infos/429"
"LEVENT ATEŞ",19,"https://turkplasticsurgery.org/Doctor-Infos/426"
"LEYLA ARVAS",489,"https://turkplasticsurgery.org/Doctor-Infos/430"
"LÜTFİ EROĞLU",490,"https://turkplasticsurgery.org/Doctor-Infos/431"
"LÜTFÜ BAŞ",491,"https://turkplasticsurgery.org/Doctor-Infos/432"
"M. ALİ BOZKURT",492,"https://turkplasticsurgery.org/Doctor-Infos/434"
"M. HAKAN BULAM",15,"https://turkplasticsurgery.org/Doctor-Infos/330"
"M. İSMAİL ERMİŞ",15,"https://turkplasticsurgery.org/Doctor-Infos/439"
"M. OSMAN OYMAK",15,"https://turkplasticsurgery.org/Doctor-Infos/441"
"M. RUŞEN KAPUCU",493,"https://turkplasticsurgery.org/Doctor-Infos/442"
"M. SELİM ÇELEBİOĞLU",15,"https://turkplasticsurgery.org/Doctor-Infos/443"
"M. YALÇIN AKIN",15,"https://turkplasticsurgery.org/Doctor-Infos/444"
"M. ZEKİ GÜZEL",494,"https://turkplasticsurgery.org/Doctor-Infos/445"
"M.BAVER ACABAN",115,"https://turkplasticsurgery.org/Doctor-Infos/1448"
"mahir gökbulut",495,"https://turkplasticsurgery.org/Doctor-Infos/1538"
"Mahmut ÖZGÜL",496,"https://turkplasticsurgery.org/Doctor-Infos/1217"
"MAHMUT SUNAY",497,"https://turkplasticsurgery.org/Doctor-Infos/1268"
"MAHMUT YILDIZ",498,"https://turkplasticsurgery.org/Doctor-Infos/447"
"MAHMUT ÖZYILMAZ",499,"https://turkplasticsurgery.org/Doctor-Infos/446"
"Mahmut Muhsin YILMAZ",500,"https://turkplasticsurgery.org/Doctor-Infos/1310"
"MAHMUT NURİ KARATOPRAK",501,"https://turkplasticsurgery.org/Doctor-Infos/2053"
"MAHMUT ULVİ KAYALI",15,"https://turkplasticsurgery.org/Doctor-Infos/448"
"Maide Ergen",502,"https://turkplasticsurgery.org/Doctor-Infos/1519"
"Majid ISMAYILZADA",503,"https://turkplasticsurgery.org/Doctor-Infos/1303"
"MALİK ABACI",259,"https://turkplasticsurgery.org/Doctor-Infos/888"
"MBARAKA AHMED LJOHİY",504,"https://turkplasticsurgery.org/Doctor-Infos/1020"
"MECD ATIF CEZAİRLİOĞLU",505,"https://turkplasticsurgery.org/Doctor-Infos/1441"
"MEDENİ VOLKAN KIYAK",15,"https://turkplasticsurgery.org/Doctor-Infos/450"
"MEHMET KÖKSAL",506,"https://turkplasticsurgery.org/Doctor-Infos/465"
"MEHMET ÇİFCİ",507,"https://turkplasticsurgery.org/Doctor-Infos/458"
"MEHMET SAĞIR",508,"https://turkplasticsurgery.org/Doctor-Infos/1633"
"MEHMET UZUNER",333,"https://turkplasticsurgery.org/Doctor-Infos/1169"
"MEHMET SÜRMELİ",509,"https://turkplasticsurgery.org/Doctor-Infos/471"
"Mehmet Cömert",510,"https://turkplasticsurgery.org/Doctor-Infos/1234"
"mehmet bayram",511,"https://turkplasticsurgery.org/Doctor-Infos/1520"
"MEHMET ALTIPARMAK",512,"https://turkplasticsurgery.org/Doctor-Infos/453"
"Mehmet ÖZTAN",19,"https://turkplasticsurgery.org/Doctor-Infos/865"
"MEHMET ÖZKÖSE",513,"https://turkplasticsurgery.org/Doctor-Infos/468"
"Mehmet SEVERCAN",514,"https://turkplasticsurgery.org/Doctor-Infos/1218"
"MEHMET VERDİ",515,"https://turkplasticsurgery.org/Doctor-Infos/473"
"MEHMET ÇELİK",516,"https://turkplasticsurgery.org/Doctor-Infos/884"
"MEHMET KETENE",15,"https://turkplasticsurgery.org/Doctor-Infos/464"
"MEHMET MUTAF",15,"https://turkplasticsurgery.org/Doctor-Infos/466"
"MEHMET BOZKURT",517,"https://turkplasticsurgery.org/Doctor-Infos/474"
"MEHMET DADACI",518,"https://turkplasticsurgery.org/Doctor-Infos/460"
"MEHMET ALPER",15,"https://turkplasticsurgery.org/Doctor-Infos/452"
"MEHMET BEKERECİOĞLU",519,"https://turkplasticsurgery.org/Doctor-Infos/456"
"MEHMET BAYRAMİÇLİ",15,"https://turkplasticsurgery.org/Doctor-Infos/455"
"MEHMET GENCER",15,"https://turkplasticsurgery.org/Doctor-Infos/1259"
"MEHMET SOLMAZ",520,"https://turkplasticsurgery.org/Doctor-Infos/1826"
"MEHMET ÖZDEMİR",521,"https://turkplasticsurgery.org/Doctor-Infos/1753"
"MEHMET SEZGİN",522,"https://turkplasticsurgery.org/Doctor-Infos/469"
"Mehmet Yıldıran",523,"https://turkplasticsurgery.org/Doctor-Infos/1297"
"mehmet güşen",524,"https://turkplasticsurgery.org/Doctor-Infos/2001"
"MEHMET ÇEBER",525,"https://turkplasticsurgery.org/Doctor-Infos/457"
"Mehmet Tapan",19,"https://turkplasticsurgery.org/Doctor-Infos/974"
"MEHMET SÖNMEZ",526,"https://turkplasticsurgery.org/Doctor-Infos/470"
"MEHMET AKİF ÇAKMAK",527,"https://turkplasticsurgery.org/Doctor-Infos/984"
"MEHMET ALİ KORKMAZ",15,"https://turkplasticsurgery.org/Doctor-Infos/1109"
"MEHMET ALİ ŞAHİN",528,"https://turkplasticsurgery.org/Doctor-Infos/1997"
"MEHMET ALİ YILDIRIM",180,"https://turkplasticsurgery.org/Doctor-Infos/1554"
"MEHMET ALPER BAYRAKTAR",529,"https://turkplasticsurgery.org/Doctor-Infos/449"
"Mehmet Alperen BAY",530,"https://turkplasticsurgery.org/Doctor-Infos/1396"
"MEHMET BARIŞ ÇAKIR",531,"https://turkplasticsurgery.org/Doctor-Infos/454"
"MEHMET BEŞİR ÖNER",532,"https://turkplasticsurgery.org/Doctor-Infos/1707"
"MEHMET BİLGEHAN SARI",533,"https://turkplasticsurgery.org/Doctor-Infos/1923"
"MEHMET CAN ŞAKI",132,"https://turkplasticsurgery.org/Doctor-Infos/1393"
"MEHMET EMİN MAVİLİ",534,"https://turkplasticsurgery.org/Doctor-Infos/222"
"Mehmet Emin Cem Yıldırım",535,"https://turkplasticsurgery.org/Doctor-Infos/1395"
"Mehmet Emre YEĞİN",536,"https://turkplasticsurgery.org/Doctor-Infos/1040"
"MEHMET ERSİN GÖNÜLLÜ",537,"https://turkplasticsurgery.org/Doctor-Infos/461"
"MEHMET ESAT OLGUN",538,"https://turkplasticsurgery.org/Doctor-Infos/1510"
"Mehmet Fatih Çamlı",523,"https://turkplasticsurgery.org/Doctor-Infos/1316"
"Mehmet Fatih OKYAY",539,"https://turkplasticsurgery.org/Doctor-Infos/1216"
"Mehmet Fatih Algan",19,"https://turkplasticsurgery.org/Doctor-Infos/973"
"MEHMET FATİH ŞİRİN",10,"https://turkplasticsurgery.org/Doctor-Infos/278"
"MEHMET FATİH AKKOÇ",540,"https://turkplasticsurgery.org/Doctor-Infos/886"
"MEHMET HAŞİM GÜNER",541,"https://turkplasticsurgery.org/Doctor-Infos/949"
"MEHMET İHSAN OKUR",542,"https://turkplasticsurgery.org/Doctor-Infos/438"
"MEHMET İLKER BİLGİÇ",15,"https://turkplasticsurgery.org/Doctor-Infos/462"
"MEHMET KORAY ÇELEBİ",543,"https://turkplasticsurgery.org/Doctor-Infos/1615"
"MEHMET LEVENT PEKTAŞ",544,"https://turkplasticsurgery.org/Doctor-Infos/428"
"MEHMET MESUT İNAN",545,"https://turkplasticsurgery.org/Doctor-Infos/1754"
"MEHMET NEBİL BOZDOĞAN",15,"https://turkplasticsurgery.org/Doctor-Infos/467"
"MEHMET ONUR ÖZTÜRK",546,"https://turkplasticsurgery.org/Doctor-Infos/950"
"MEHMET ORHAN ÇİZMECİ",547,"https://turkplasticsurgery.org/Doctor-Infos/579"
"MEHMET SÜHAN AYHAN",548,"https://turkplasticsurgery.org/Doctor-Infos/705"
"MEHMET VELİ KARAALTIN",549,"https://turkplasticsurgery.org/Doctor-Infos/472"
"MEHMET YUNUS EKİCİ",550,"https://turkplasticsurgery.org/Doctor-Infos/2002"
"MEHTAP KARAMEŞE",15,"https://turkplasticsurgery.org/Doctor-Infos/475"
"MELEKBER ÇAVUŞ ÖZKAN",551,"https://turkplasticsurgery.org/Doctor-Infos/476"
"Melih Çakaroğlu",526,"https://turkplasticsurgery.org/Doctor-Infos/1778"
"Melihcan Sezgiç",552,"https://turkplasticsurgery.org/Doctor-Infos/1097"
"MELİKE ORUÇ ÖZPOSTACI",10,"https://turkplasticsurgery.org/Doctor-Infos/481"
"MELİKE YANIK",553,"https://turkplasticsurgery.org/Doctor-Infos/480"
"MELİKE ERDİM",15,"https://turkplasticsurgery.org/Doctor-Infos/479"
"Melikgazi Öztürk",554,"https://turkplasticsurgery.org/Doctor-Infos/1381"
"MELTEM KILIÇ",15,"https://turkplasticsurgery.org/Doctor-Infos/478"
"MELTEM GAMZE ÇİLİNGİR ÖZKAYNAK",15,"https://turkplasticsurgery.org/Doctor-Infos/477"
"MEMET YAZAR",555,"https://turkplasticsurgery.org/Doctor-Infos/451"
"MENEKŞE KASTAMONİ",556,"https://turkplasticsurgery.org/Doctor-Infos/1986"
"MERAL YAMAN ÖZBABA",557,"https://turkplasticsurgery.org/Doctor-Infos/482"
"MERDAN SERİN",250,"https://turkplasticsurgery.org/Doctor-Infos/1021"
"MERT SEÇER",558,"https://turkplasticsurgery.org/Doctor-Infos/1700"
"MERT ERSAN",559,"https://turkplasticsurgery.org/Doctor-Infos/1646"
"MERT DEMİREL",560,"https://turkplasticsurgery.org/Doctor-Infos/1194"
"MERT ÇALIŞ",561,"https://turkplasticsurgery.org/Doctor-Infos/483"
"MERT CANLI",562,"https://turkplasticsurgery.org/Doctor-Infos/1506"
"Mert Sızmaz",91,"https://turkplasticsurgery.org/Doctor-Infos/1686"
"MERT ŞEN",563,"https://turkplasticsurgery.org/Doctor-Infos/1973"
"mert can rador",564,"https://turkplasticsurgery.org/Doctor-Infos/1350"
"MERT MUHİTTİN SANDIKCI",565,"https://turkplasticsurgery.org/Doctor-Infos/866"
"Merve Terzi",566,"https://turkplasticsurgery.org/Doctor-Infos/1604"
"Merve Özger",567,"https://turkplasticsurgery.org/Doctor-Infos/1298"
"MERVE ÖZKAYA ÜNSAL",568,"https://turkplasticsurgery.org/Doctor-Infos/1612"
"MERVE TORUN KARADERE",569,"https://turkplasticsurgery.org/Doctor-Infos/1442"
"MESUT ÖZCAN",570,"https://turkplasticsurgery.org/Doctor-Infos/484"
"MESUT SARAÇ",10,"https://turkplasticsurgery.org/Doctor-Infos/485"
"METE AKSU",15,"https://turkplasticsurgery.org/Doctor-Infos/486"
"METİN TEMEL",571,"https://turkplasticsurgery.org/Doctor-Infos/490"
"METİN GÖRGÜ",572,"https://turkplasticsurgery.org/Doctor-Infos/488"
"METİN KEREM",67,"https://turkplasticsurgery.org/Doctor-Infos/489"
"MİRZA FIRAT",15,"https://turkplasticsurgery.org/Doctor-Infos/1235"
"MİTHAT ULAY",573,"https://turkplasticsurgery.org/Doctor-Infos/492"
"moath zuhour",574,"https://turkplasticsurgery.org/Doctor-Infos/1336"
"MUHAMMED BEŞİR ÖZTÜRK",575,"https://turkplasticsurgery.org/Doctor-Infos/868"
"MUHAMMED EREN ŞİMŞEK",576,"https://turkplasticsurgery.org/Doctor-Infos/1401"
"MUHAMMED NEBİL SELİMOĞLU",577,"https://turkplasticsurgery.org/Doctor-Infos/440"
"Muhammed Revaha Kırtıllı",578,"https://turkplasticsurgery.org/Doctor-Infos/1798"
"MUHAMMET DOĞAN",545,"https://turkplasticsurgery.org/Doctor-Infos/1329"
"MUHAMMET URALOĞLU",579,"https://turkplasticsurgery.org/Doctor-Infos/493"
"MUHAMMET MUSTAFA AYDINOL",10,"https://turkplasticsurgery.org/Doctor-Infos/1066"
"MUHARREM DEMİROĞULLARI",580,"https://turkplasticsurgery.org/Doctor-Infos/494"
"MUHİTDİN ESKİ",15,"https://turkplasticsurgery.org/Doctor-Infos/495"
"MURAT EMİROĞLU",19,"https://turkplasticsurgery.org/Doctor-Infos/501"
"MURAT LİVAOĞLU",579,"https://turkplasticsurgery.org/Doctor-Infos/503"
"MURAT PAŞAOĞLU",581,"https://turkplasticsurgery.org/Doctor-Infos/1437"
"MURAT BİTGEN",582,"https://turkplasticsurgery.org/Doctor-Infos/497"
"MURAT TEZCAN",583,"https://turkplasticsurgery.org/Doctor-Infos/505"
"MURAT GÜREL",584,"https://turkplasticsurgery.org/Doctor-Infos/502"
"MURAT DİYARBAKIRLIOĞLU",19,"https://turkplasticsurgery.org/Doctor-Infos/500"
"MURAT TOPALAN",585,"https://turkplasticsurgery.org/Doctor-Infos/506"
"MURAT SARICI",15,"https://turkplasticsurgery.org/Doctor-Infos/508"
"Murat ATASEVEN",15,"https://turkplasticsurgery.org/Doctor-Infos/496"
"MURAT BİLGİN",92,"https://turkplasticsurgery.org/Doctor-Infos/1792"
"MURAT KARA",586,"https://turkplasticsurgery.org/Doctor-Infos/1449"
"MURAT TÜZÜNER",587,"https://turkplasticsurgery.org/Doctor-Infos/1920"
"MURAT İĞDE",28,"https://turkplasticsurgery.org/Doctor-Infos/1258"
"MURAT CENGİZ TÜREGÜN",375,"https://turkplasticsurgery.org/Doctor-Infos/498"
"MURAT ENES SAĞLAM",500,"https://turkplasticsurgery.org/Doctor-Infos/2028"
"MURAT KAAN SÖZER",588,"https://turkplasticsurgery.org/Doctor-Infos/407"
"MURAT MUHAMMED BİNER",589,"https://turkplasticsurgery.org/Doctor-Infos/1884"
"MURAT SİNAN ENGİN",38,"https://turkplasticsurgery.org/Doctor-Infos/499"
"MURAT ŞAHİN ALAGÖZ",590,"https://turkplasticsurgery.org/Doctor-Infos/504"
"MURAT TÜRKER ÖZYİĞİT",15,"https://turkplasticsurgery.org/Doctor-Infos/507"
"MUSA KEMAL KELEŞ",591,"https://turkplasticsurgery.org/Doctor-Infos/509"
"MUSTAFA YILMAZ",592,"https://turkplasticsurgery.org/Doctor-Infos/530"
"MUSTAFA KESKİN",333,"https://turkplasticsurgery.org/Doctor-Infos/515"
"MUSTAFA DURĞUN",593,"https://turkplasticsurgery.org/Doctor-Infos/514"
"mustafa tezcan",78,"https://turkplasticsurgery.org/Doctor-Infos/529"
"MUSTAFA ÖZYURTLU",594,"https://turkplasticsurgery.org/Doctor-Infos/1699"
"MUSTAFA ÇAPAR",595,"https://turkplasticsurgery.org/Doctor-Infos/1403"
"MUSTAFA DEVECİ",236,"https://turkplasticsurgery.org/Doctor-Infos/513"
"MUSTAFA ŞENGEZER",15,"https://turkplasticsurgery.org/Doctor-Infos/528"
"Mustafa Nişancı",596,"https://turkplasticsurgery.org/Doctor-Infos/519"
"MUSTAFA ÖZBEK",597,"https://turkplasticsurgery.org/Doctor-Infos/525"
"MUSTAFA CÖMERT",598,"https://turkplasticsurgery.org/Doctor-Infos/512"
"MUSTAFA ÖKSÜZ",599,"https://turkplasticsurgery.org/Doctor-Infos/524"
"MUSTAFA SÜTÇÜ",358,"https://turkplasticsurgery.org/Doctor-Infos/527"
"MUSTAFA AKYÜREK",600,"https://turkplasticsurgery.org/Doctor-Infos/511"
"MUSTAFA ÖZKAN",601,"https://turkplasticsurgery.org/Doctor-Infos/526"
"MUSTAFA ASIM AYDIN",343,"https://turkplasticsurgery.org/Doctor-Infos/436"
"MUSTAFA AYKUT ÖZPÜR",602,"https://turkplasticsurgery.org/Doctor-Infos/1690"
"MUSTAFA EKREM GÜLEŞ",10,"https://turkplasticsurgery.org/Doctor-Infos/1412"
"MUSTAFA EROL DEMİRSEREN",603,"https://turkplasticsurgery.org/Doctor-Infos/253"
"MUSTAFA FEZA KESKİN",604,"https://turkplasticsurgery.org/Doctor-Infos/290"
"MUSTAFA GÜRHAN ULUSOY",15,"https://turkplasticsurgery.org/Doctor-Infos/321"
"MUSTAFA KÜRŞAT EVRENOS",605,"https://turkplasticsurgery.org/Doctor-Infos/516"
"MUSTAFA MELİH CANLI",606,"https://turkplasticsurgery.org/Doctor-Infos/1979"
"MUSTAFA MURAT ÖZTÜRK",607,"https://turkplasticsurgery.org/Doctor-Infos/520"
"MUSTAFA MURAT PENÇE",608,"https://turkplasticsurgery.org/Doctor-Infos/521"
"MUSTAFA NİHAT KOÇ",609,"https://turkplasticsurgery.org/Doctor-Infos/522"
"MUSTAFA ONUR ÇUKURLUOĞLU",15,"https://turkplasticsurgery.org/Doctor-Infos/517"
"MUSTAFA RAŞİD TOKSÖZ",610,"https://turkplasticsurgery.org/Doctor-Infos/518"
"MUSTAFA RIDVAN YANBAŞ",611,"https://turkplasticsurgery.org/Doctor-Infos/1416"
"Mustafa Sertaç Ocak",612,"https://turkplasticsurgery.org/Doctor-Infos/1667"
"MUSTAFA TAYGUN OLUKLU",613,"https://turkplasticsurgery.org/Doctor-Infos/1688"
"MUSTAFA TONGUÇ İŞKEN",614,"https://turkplasticsurgery.org/Doctor-Infos/741"
"MUSTAFA TUĞRUL ÇELEBİ",615,"https://turkplasticsurgery.org/Doctor-Infos/523"
"MUVAFFAK SİPAHİOĞLU",10,"https://turkplasticsurgery.org/Doctor-Infos/531"
"MUZAFFER DURMUŞ",616,"https://turkplasticsurgery.org/Doctor-Infos/533"
"MUZAFFER ALTINDAŞ",15,"https://turkplasticsurgery.org/Doctor-Infos/532"
"MÜBİN HOŞNUTER",617,"https://turkplasticsurgery.org/Doctor-Infos/534"
"mücahit kaya",618,"https://turkplasticsurgery.org/Doctor-Infos/1482"
"Müge SEVİNDİK",134,"https://turkplasticsurgery.org/Doctor-Infos/1153"
"Müge Anıl Yalçın",259,"https://turkplasticsurgery.org/Doctor-Infos/1105"
"MÜNİP GÖKHAN TUNÇBİLEK",619,"https://turkplasticsurgery.org/Doctor-Infos/437"
"Münür Selçuk Kendir",620,"https://turkplasticsurgery.org/Doctor-Infos/1294"
"MÜRSEL ÇEPNİ",265,"https://turkplasticsurgery.org/Doctor-Infos/535"
"N. CİHAT BARAN",259,"https://turkplasticsurgery.org/Doctor-Infos/536"
"NACİ KARACAOĞLAN",621,"https://turkplasticsurgery.org/Doctor-Infos/538"
"NACİ KOSTAKOĞLU",622,"https://turkplasticsurgery.org/Doctor-Infos/539"
"NACİ ÇELİK",623,"https://turkplasticsurgery.org/Doctor-Infos/537"
"NAKİ SELMANPAKOĞLU",624,"https://turkplasticsurgery.org/Doctor-Infos/540"
"NAZIM GÜMÜŞ",368,"https://turkplasticsurgery.org/Doctor-Infos/542"
"NAZIM DURAK",625,"https://turkplasticsurgery.org/Doctor-Infos/543"
"NAZIM RAMAZANOV",626,"https://turkplasticsurgery.org/Doctor-Infos/1888"
"NAZLI TOSUN",627,"https://turkplasticsurgery.org/Doctor-Infos/1236"
"NAZMİ YOGURTCU",319,"https://turkplasticsurgery.org/Doctor-Infos/1098"
"NEBİL YEŞİLOĞLU",15,"https://turkplasticsurgery.org/Doctor-Infos/544"
"NECDET UÇAR",10,"https://turkplasticsurgery.org/Doctor-Infos/546"
"NECDET URHAN",628,"https://turkplasticsurgery.org/Doctor-Infos/1830"
"NECMETTİN KARASU",629,"https://turkplasticsurgery.org/Doctor-Infos/547"
"NECMETTİN TÜTÜNCÜ",630,"https://turkplasticsurgery.org/Doctor-Infos/549"
"NECMETTİN KUTLU",631,"https://turkplasticsurgery.org/Doctor-Infos/548"
"NEDİM SAVACI",632,"https://turkplasticsurgery.org/Doctor-Infos/551"
"NEDİM SARIFAKIOĞLU",15,"https://turkplasticsurgery.org/Doctor-Infos/550"
"NEJDET ŞİŞMAN",10,"https://turkplasticsurgery.org/Doctor-Infos/545"
"NERMİN MAMMADOVA",633,"https://turkplasticsurgery.org/Doctor-Infos/1443"
"NESİBE SİNEM EROĞLU",634,"https://turkplasticsurgery.org/Doctor-Infos/553"
"NESRİN TAN BAŞER",314,"https://turkplasticsurgery.org/Doctor-Infos/552"
"NESRİN GÜMÜŞ ÖZTÜRKMEN",10,"https://turkplasticsurgery.org/Doctor-Infos/845"
"NEŞE KURT ÖZKAYA",635,"https://turkplasticsurgery.org/Doctor-Infos/554"
"NEVRA SEYHAN",636,"https://turkplasticsurgery.org/Doctor-Infos/555"
"NEZAİL DEMİRCİLER",637,"https://turkplasticsurgery.org/Doctor-Infos/556"
"NEZİH SUNGUR",100,"https://turkplasticsurgery.org/Doctor-Infos/557"
"NİHAL ÜSTÜN",638,"https://turkplasticsurgery.org/Doctor-Infos/1866"
"NİHAL UZUN ÇELEBİ",15,"https://turkplasticsurgery.org/Doctor-Infos/1553"
"NİHAN TUNCEL KALE",639,"https://turkplasticsurgery.org/Doctor-Infos/559"
"NİJAT MAJİDOV",640,"https://turkplasticsurgery.org/Doctor-Infos/1929"
"NİJAT RUSTAMOV",590,"https://turkplasticsurgery.org/Doctor-Infos/2026"
"NİJAT BABAEV",641,"https://turkplasticsurgery.org/Doctor-Infos/1855"
"NİLGÜN MARKAL ERTAŞ",441,"https://turkplasticsurgery.org/Doctor-Infos/558"
"NİLÜFER BAHADIRLI",132,"https://turkplasticsurgery.org/Doctor-Infos/1674"
"NİYAZİ ŞİMDİVAR",642,"https://turkplasticsurgery.org/Doctor-Infos/560"
"NUH EVİN",643,"https://turkplasticsurgery.org/Doctor-Infos/1578"
"Nurbanu Tapan",644,"https://turkplasticsurgery.org/Doctor-Infos/1325"
"NURETTİN NOYAN",259,"https://turkplasticsurgery.org/Doctor-Infos/568"
"NURGÜL ALTUNTAŞ",645,"https://turkplasticsurgery.org/Doctor-Infos/564"
"NURİ EYÜP SOYSAL",646,"https://turkplasticsurgery.org/Doctor-Infos/563"
"NURİYE GÜL İRİK",15,"https://turkplasticsurgery.org/Doctor-Infos/565"
"NURTEN YAVUZ",647,"https://turkplasticsurgery.org/Doctor-Infos/567"
"NURTEN TURHAN HAKTANIR",648,"https://turkplasticsurgery.org/Doctor-Infos/566"
"NURULLAH YILDIRIR",649,"https://turkplasticsurgery.org/Doctor-Infos/569"
"O. ATA UYSAL",650,"https://turkplasticsurgery.org/Doctor-Infos/570"
"O. METİN YAVUZ",651,"https://turkplasticsurgery.org/Doctor-Infos/571"
"OBEN KARAKUŞ",652,"https://turkplasticsurgery.org/Doctor-Infos/1794"
"OĞUZ ÇÖRTÜK",653,"https://turkplasticsurgery.org/Doctor-Infos/574"
"Oğuz Eker",654,"https://turkplasticsurgery.org/Doctor-Infos/1359"
"Oğuz Boyraz",655,"https://turkplasticsurgery.org/Doctor-Infos/1671"
"OĞUZ ÇETİNKALE",656,"https://turkplasticsurgery.org/Doctor-Infos/573"
"OĞUZ KAYIRAN",15,"https://turkplasticsurgery.org/Doctor-Infos/575"
"Oğuzhan Karakoç",657,"https://turkplasticsurgery.org/Doctor-Infos/1540"
"OĞUZHAN DEMİREL",533,"https://turkplasticsurgery.org/Doctor-Infos/1408"
"OĞUZHAN SAĞLAM",658,"https://turkplasticsurgery.org/Doctor-Infos/1475"
"OĞUZHAN KARASU",659,"https://turkplasticsurgery.org/Doctor-Infos/1930"
"OKAN ACİCBE",660,"https://turkplasticsurgery.org/Doctor-Infos/1797"
"OKTAYGÜN ERSÜ",661,"https://turkplasticsurgery.org/Doctor-Infos/839"
"ONUR GÖKDEMİR",15,"https://turkplasticsurgery.org/Doctor-Infos/597"
"ONUR GÜRBÜZ",15,"https://turkplasticsurgery.org/Doctor-Infos/596"
"ONUR AKSOY",662,"https://turkplasticsurgery.org/Doctor-Infos/1959"
"ONUR SAKA",663,"https://turkplasticsurgery.org/Doctor-Infos/1077"
"ONUR EGEMEN",15,"https://turkplasticsurgery.org/Doctor-Infos/595"
"ONUR SERİN",664,"https://turkplasticsurgery.org/Doctor-Infos/1557"
"ONUR OĞAN",665,"https://turkplasticsurgery.org/Doctor-Infos/1455"
"ONUR EVREN YILMAZ",10,"https://turkplasticsurgery.org/Doctor-Infos/594"
"ONURKAN İDACİ",15,"https://turkplasticsurgery.org/Doctor-Infos/598"
"ORHAN ERBAŞ",15,"https://turkplasticsurgery.org/Doctor-Infos/580"
"ORHAN AYDIN",666,"https://turkplasticsurgery.org/Doctor-Infos/577"
"ORHAN BABUCÇU",667,"https://turkplasticsurgery.org/Doctor-Infos/578"
"Orhan Gök",668,"https://turkplasticsurgery.org/Doctor-Infos/1318"
"ORHAN FAHRİ DEMİR",669,"https://turkplasticsurgery.org/Doctor-Infos/1885"
"ORHAN GAZİ DİNÇ",670,"https://turkplasticsurgery.org/Doctor-Infos/1795"
"ORHAN MURAT ÖZDEMİR",671,"https://turkplasticsurgery.org/Doctor-Infos/581"
"ORKUN UYANIK",249,"https://turkplasticsurgery.org/Doctor-Infos/1575"
"OSMAN TAN",672,"https://turkplasticsurgery.org/Doctor-Infos/1128"
"OSMAN LATİFOĞLU",673,"https://turkplasticsurgery.org/Doctor-Infos/587"
"OSMAN KELAHMETOĞLU",674,"https://turkplasticsurgery.org/Doctor-Infos/586"
"OSMAN AKDAĞ",577,"https://turkplasticsurgery.org/Doctor-Infos/582"
"OSMAN AKIN YÜCEL",675,"https://turkplasticsurgery.org/Doctor-Infos/585"
"OSMAN ENVER AYDIN",280,"https://turkplasticsurgery.org/Doctor-Infos/583"
"OSMAN ERHAN ERYILMAZ",15,"https://turkplasticsurgery.org/Doctor-Infos/584"
"OSMAN NURİ ŞENEL",676,"https://turkplasticsurgery.org/Doctor-Infos/838"
"OSMAN SERDAR BERK",677,"https://turkplasticsurgery.org/Doctor-Infos/1616"
"OSMAN ÜNSAL DEMİR",678,"https://turkplasticsurgery.org/Doctor-Infos/1102"
"OYTUN İDİL",67,"https://turkplasticsurgery.org/Doctor-Infos/589"
"OZAN ASLAN",679,"https://turkplasticsurgery.org/Doctor-Infos/590"
"OZAN BİTİK",15,"https://turkplasticsurgery.org/Doctor-Infos/592"
"OZAN BALIK",19,"https://turkplasticsurgery.org/Doctor-Infos/591"
"Ozan Can Canbolat",680,"https://turkplasticsurgery.org/Doctor-Infos/1419"
"OZAN LUAY ABBAS",19,"https://turkplasticsurgery.org/Doctor-Infos/593"
"Ö.ONUR EROL",681,"https://turkplasticsurgery.org/Doctor-Infos/599"
"ÖMER BULUT",10,"https://turkplasticsurgery.org/Doctor-Infos/603"
"ÖMER BUHŞEM",682,"https://turkplasticsurgery.org/Doctor-Infos/602"
"ÖMER ÖZKAN",683,"https://turkplasticsurgery.org/Doctor-Infos/606"
"ÖMER ŞENSÖZ",15,"https://turkplasticsurgery.org/Doctor-Infos/607"
"ÖMER ALP",15,"https://turkplasticsurgery.org/Doctor-Infos/601"
"ÖMER POLAT",684,"https://turkplasticsurgery.org/Doctor-Infos/1104"
"ÖMER KEVEN",685,"https://turkplasticsurgery.org/Doctor-Infos/604"
"Ömer Saraç",190,"https://turkplasticsurgery.org/Doctor-Infos/2339"
"ÖMER KOKAÇYA",686,"https://turkplasticsurgery.org/Doctor-Infos/605"
"ÖMER FARUK TANER",687,"https://turkplasticsurgery.org/Doctor-Infos/610"
"ÖMER FARUK DEVECİ",688,"https://turkplasticsurgery.org/Doctor-Infos/1610"
"ÖMER FARUK ÜNVERDİ",10,"https://turkplasticsurgery.org/Doctor-Infos/1141"
"ÖMER FARUK KOÇAK",689,"https://turkplasticsurgery.org/Doctor-Infos/609"
"ÖMER FARUK YIKILMAZ",28,"https://turkplasticsurgery.org/Doctor-Infos/2042"
"ÖMER FARUK ERİN",690,"https://turkplasticsurgery.org/Doctor-Infos/608"
"ÖMER FARUK DİLEK",427,"https://turkplasticsurgery.org/Doctor-Infos/1705"
"ÖMER REFİK ÖZERDEM",691,"https://turkplasticsurgery.org/Doctor-Infos/600"
"ÖMERCAN YAĞIZ ÖKSÜZ",692,"https://turkplasticsurgery.org/Doctor-Infos/1597"
"Önder Tan",693,"https://turkplasticsurgery.org/Doctor-Infos/848"
"ÖNDER KARAASLAN",694,"https://turkplasticsurgery.org/Doctor-Infos/611"
"Övünç Akdemir",650,"https://turkplasticsurgery.org/Doctor-Infos/2065"
"ÖZAY ÖZKAYA",695,"https://turkplasticsurgery.org/Doctor-Infos/613"
"ÖZCAN ÖCÜK",696,"https://turkplasticsurgery.org/Doctor-Infos/1703"
"ÖZCAN BOZTEPE",697,"https://turkplasticsurgery.org/Doctor-Infos/1861"
"ÖZCAN ÜLGEN",698,"https://turkplasticsurgery.org/Doctor-Infos/615"
"Özer ÖZMUT",699,"https://turkplasticsurgery.org/Doctor-Infos/1763"
"ÖZGE UTKU AYDEMİR",700,"https://turkplasticsurgery.org/Doctor-Infos/2021"
"ÖZGE ERGÜN",15,"https://turkplasticsurgery.org/Doctor-Infos/614"
"Özgün Kılıç",701,"https://turkplasticsurgery.org/Doctor-Infos/1832"
"ÖZGÜR TURAN",702,"https://turkplasticsurgery.org/Doctor-Infos/1956"
"ÖZGÜR AGDOĞAN",703,"https://turkplasticsurgery.org/Doctor-Infos/869"
"ÖZGÜR SUNAY",15,"https://turkplasticsurgery.org/Doctor-Infos/617"
"ÖZGÜR PİLANCI",15,"https://turkplasticsurgery.org/Doctor-Infos/616"
"Özgür Hürkal",704,"https://turkplasticsurgery.org/Doctor-Infos/952"
"ÖZHAN BEKİR ÇELEBİLER",705,"https://turkplasticsurgery.org/Doctor-Infos/619"
"Özlem Zürap",251,"https://turkplasticsurgery.org/Doctor-Infos/1379"
"ÖZLEM ÇOLAK",706,"https://turkplasticsurgery.org/Doctor-Infos/622"
"ÖZLEM CEMBOLUK EBELER",707,"https://turkplasticsurgery.org/Doctor-Infos/1790"
"ÖZLENEN ÖZKAN",708,"https://turkplasticsurgery.org/Doctor-Infos/618"
"ÖZNUR PEKEDİS",709,"https://turkplasticsurgery.org/Doctor-Infos/623"
"PEMBE BÜŞRA KIRYAMAN",357,"https://turkplasticsurgery.org/Doctor-Infos/1921"
"PERÇİN CAŞKAN",710,"https://turkplasticsurgery.org/Doctor-Infos/1252"
"RAFET ÖZBEY",711,"https://turkplasticsurgery.org/Doctor-Infos/626"
"RAFFİ GÜRÜNLÜOĞLU",712,"https://turkplasticsurgery.org/Doctor-Infos/625"
"RAGIP ÖZDEMİR",15,"https://turkplasticsurgery.org/Doctor-Infos/628"
"RAMAZAN GÜLER",713,"https://turkplasticsurgery.org/Doctor-Infos/631"
"RAMAZAN KAHVECİ",714,"https://turkplasticsurgery.org/Doctor-Infos/632"
"RAMAZAN ERKİN ÜNLÜ",715,"https://turkplasticsurgery.org/Doctor-Infos/250"
"RAMAZAN HAKAN ÖZCAN",716,"https://turkplasticsurgery.org/Doctor-Infos/629"
"RAMAZAN MURAT POLAT",10,"https://turkplasticsurgery.org/Doctor-Infos/630"
"RANA KAPUKAYA",717,"https://turkplasticsurgery.org/Doctor-Infos/1257"
"RECEP ANLATICI",718,"https://turkplasticsurgery.org/Doctor-Infos/633"
"Recep Okan Üstün",719,"https://turkplasticsurgery.org/Doctor-Infos/2759"
"REFİKA CEYLAN",720,"https://turkplasticsurgery.org/Doctor-Infos/1960"
"REHA YAVUZER",721,"https://turkplasticsurgery.org/Doctor-Infos/635"
"REMZİ FIRINCIOĞULLARI",78,"https://turkplasticsurgery.org/Doctor-Infos/634"
"REŞAT ALTUĞ AKTAŞ",722,"https://turkplasticsurgery.org/Doctor-Infos/927"
"RIZA CAĞRI SADE",15,"https://turkplasticsurgery.org/Doctor-Infos/636"
"RIZVAN IMAMALIYEV",723,"https://turkplasticsurgery.org/Doctor-Infos/637"
"ROHAT KUTLAY",10,"https://turkplasticsurgery.org/Doctor-Infos/638"
"ROYAL KHANKISHIEV",724,"https://turkplasticsurgery.org/Doctor-Infos/1918"
"RUHİ ÇANKAYALI",10,"https://turkplasticsurgery.org/Doctor-Infos/639"
"RUŞER BARIŞ",19,"https://turkplasticsurgery.org/Doctor-Infos/640"
"RÜŞTÜ KÖSE",67,"https://turkplasticsurgery.org/Doctor-Infos/641"
"S. NAZIM ÇERKEŞ",725,"https://turkplasticsurgery.org/Doctor-Infos/642"
"SABAHATTİN YASER KANDAL",726,"https://turkplasticsurgery.org/Doctor-Infos/643"
"SABRİ ACARTÜRK",727,"https://turkplasticsurgery.org/Doctor-Infos/644"
"SABRİ ÖZTÜRK",528,"https://turkplasticsurgery.org/Doctor-Infos/1922"
"SACİT HÜSNÜ KARADEMİR",728,"https://turkplasticsurgery.org/Doctor-Infos/645"
"SADRİ OZAN SÖZER",729,"https://turkplasticsurgery.org/Doctor-Infos/646"
"SADULLAH KARUN",15,"https://turkplasticsurgery.org/Doctor-Infos/647"
"SAFA MANAV",730,"https://turkplasticsurgery.org/Doctor-Infos/1504"
"SAFFET ULUTAŞ",731,"https://turkplasticsurgery.org/Doctor-Infos/983"
"SAFFET ÖRS",732,"https://turkplasticsurgery.org/Doctor-Infos/648"
"SAİME İRKÖREN",15,"https://turkplasticsurgery.org/Doctor-Infos/649"
"SALİH KAVUNCU",733,"https://turkplasticsurgery.org/Doctor-Infos/1614"
"salih cem altunal",734,"https://turkplasticsurgery.org/Doctor-Infos/1990"
"SALİH EMRE ÜREGEN",259,"https://turkplasticsurgery.org/Doctor-Infos/650"
"SALİH ONUR BASAT",735,"https://turkplasticsurgery.org/Doctor-Infos/651"
"SAMET HARİRİ",736,"https://turkplasticsurgery.org/Doctor-Infos/653"
"SAMET ŞENDUR",737,"https://turkplasticsurgery.org/Doctor-Infos/1523"
"sare demirtaş",738,"https://turkplasticsurgery.org/Doctor-Infos/1999"
"SARPER YILMAZ",739,"https://turkplasticsurgery.org/Doctor-Infos/655"
"SAVAŞ SEREL",177,"https://turkplasticsurgery.org/Doctor-Infos/656"
"SEBAT KARAMÜRSEL",740,"https://turkplasticsurgery.org/Doctor-Infos/657"
"SEÇKİN AYDIN SAVAŞ",741,"https://turkplasticsurgery.org/Doctor-Infos/1635"
"SEDA ASFUROĞLU",259,"https://turkplasticsurgery.org/Doctor-Infos/980"
"SEDAT BAŞ",15,"https://turkplasticsurgery.org/Doctor-Infos/658"
"SEDAT YILANCI",15,"https://turkplasticsurgery.org/Doctor-Infos/890"
"SEDAT TATAR",10,"https://turkplasticsurgery.org/Doctor-Infos/659"
"SELAHADDİN ASLAN",742,"https://turkplasticsurgery.org/Doctor-Infos/660"
"SELAHATTİN ÖZMEN",743,"https://turkplasticsurgery.org/Doctor-Infos/661"
"SELAHATTİN TULUNAY",15,"https://turkplasticsurgery.org/Doctor-Infos/662"
"SELAMİ SERHAT ŞİRVAN",744,"https://turkplasticsurgery.org/Doctor-Infos/673"
"Selçuk Çakır Lookus",745,"https://turkplasticsurgery.org/Doctor-Infos/2052"
"SELÇUK SÖZEN",120,"https://turkplasticsurgery.org/Doctor-Infos/667"
"SELÇUK AYTAÇ",15,"https://turkplasticsurgery.org/Doctor-Infos/664"
"SELÇUK YÜCE",746,"https://turkplasticsurgery.org/Doctor-Infos/948"
"SELÇUK AKIN",747,"https://turkplasticsurgery.org/Doctor-Infos/665"
"SELÇUK IŞIK",15,"https://turkplasticsurgery.org/Doctor-Infos/666"
"SELİN GÜLER GEYİK",748,"https://turkplasticsurgery.org/Doctor-Infos/1647"
"SELMA SÖNMEZ ERGÜN",316,"https://turkplasticsurgery.org/Doctor-Infos/669"
"SELMA DENKTAŞ KUDUBAN",15,"https://turkplasticsurgery.org/Doctor-Infos/668"
"SELMAN TAŞKIN",749,"https://turkplasticsurgery.org/Doctor-Infos/1875"
"SELMAN HAKKI ALTUNTAŞ",750,"https://turkplasticsurgery.org/Doctor-Infos/674"
"SEMA ÖZDEN",751,"https://turkplasticsurgery.org/Doctor-Infos/993"
"SEMİH YILDIZ",752,"https://turkplasticsurgery.org/Doctor-Infos/1348"
"SEMİH BAĞHAKİ",753,"https://turkplasticsurgery.org/Doctor-Infos/675"
"SEMİH ÖZTÜRK",754,"https://turkplasticsurgery.org/Doctor-Infos/1748"
"SEMRA NERGİZ",755,"https://turkplasticsurgery.org/Doctor-Infos/671"
"SEMRA KARŞIDAĞ",756,"https://turkplasticsurgery.org/Doctor-Infos/670"
"SENEM ÖZGE TURAÇLI KARAGÜVEN",757,"https://turkplasticsurgery.org/Doctor-Infos/672"
"SERBÜLENT GÜZEY",15,"https://turkplasticsurgery.org/Doctor-Infos/676"
"SERCAN YÜCEL",758,"https://turkplasticsurgery.org/Doctor-Infos/1143"
"SERÇİN TİRELİOĞLU",759,"https://turkplasticsurgery.org/Doctor-Infos/691"
"SERDAR KARA",760,"https://turkplasticsurgery.org/Doctor-Infos/1766"
"SERDAR EREN",15,"https://turkplasticsurgery.org/Doctor-Infos/680"
"SERDAR BETEN",761,"https://turkplasticsurgery.org/Doctor-Infos/678"
"SERDAR ÖZTÜRK",15,"https://turkplasticsurgery.org/Doctor-Infos/686"
"SERDAR ALTUN",265,"https://turkplasticsurgery.org/Doctor-Infos/677"
"SERDAR YÜCE",15,"https://turkplasticsurgery.org/Doctor-Infos/685"
"SERDAR GÖKREM",15,"https://turkplasticsurgery.org/Doctor-Infos/681"
"SERDAR TUNÇER",15,"https://turkplasticsurgery.org/Doctor-Infos/684"
"SERDAR BORA BAYRAKTAROĞLU",762,"https://turkplasticsurgery.org/Doctor-Infos/679"
"SERDAR MEHMET GÜLTAN",763,"https://turkplasticsurgery.org/Doctor-Infos/682"
"SERDAR NAZİF NASIR",309,"https://turkplasticsurgery.org/Doctor-Infos/683"
"sergen karataş",738,"https://turkplasticsurgery.org/Doctor-Infos/2004"
"SERHAN TUNCER",764,"https://turkplasticsurgery.org/Doctor-Infos/690"
"SERHAT ÖZBEK",765,"https://turkplasticsurgery.org/Doctor-Infos/688"
"SERHAT ŞİBAR",766,"https://turkplasticsurgery.org/Doctor-Infos/885"
"SERHAT TOTAN",10,"https://turkplasticsurgery.org/Doctor-Infos/689"
"SERHAT TUNCER",15,"https://turkplasticsurgery.org/Doctor-Infos/687"
"SERHAT ATALAY EVİŞ",767,"https://turkplasticsurgery.org/Doctor-Infos/1684"
"SERKAN TOKGÖNÜL",768,"https://turkplasticsurgery.org/Doctor-Infos/2003"
"SERKAN BALTA",15,"https://turkplasticsurgery.org/Doctor-Infos/692"
"SERKAN YILDIRIM",769,"https://turkplasticsurgery.org/Doctor-Infos/693"
"SERKAN İLHAN",770,"https://turkplasticsurgery.org/Doctor-Infos/1962"
"SERKAN ERBATUR",771,"https://turkplasticsurgery.org/Doctor-Infos/1413"
"SERVET GENÇAĞA",772,"https://turkplasticsurgery.org/Doctor-Infos/1394"
"SERVET ELÇİN ALPAT",773,"https://turkplasticsurgery.org/Doctor-Infos/1675"
"SEVGİ KURT YAZAR",774,"https://turkplasticsurgery.org/Doctor-Infos/694"
"SEYFİ AKBAY",775,"https://turkplasticsurgery.org/Doctor-Infos/695"
"SEYİT ALİ KIZILKAYA",15,"https://turkplasticsurgery.org/Doctor-Infos/697"
"SEZİ CEYLAN",776,"https://turkplasticsurgery.org/Doctor-Infos/945"
"SHAMIL SULEYMANOV",724,"https://turkplasticsurgery.org/Doctor-Infos/1895"
"SIDDIKA KURUL",15,"https://turkplasticsurgery.org/Doctor-Infos/698"
"SİBEL ATALAY",10,"https://turkplasticsurgery.org/Doctor-Infos/699"
"Simay Ersahin",777,"https://turkplasticsurgery.org/Doctor-Infos/1371"
"SİNAN TAŞKAN",225,"https://turkplasticsurgery.org/Doctor-Infos/1650"
"SİNAN KAYA",778,"https://turkplasticsurgery.org/Doctor-Infos/700"
"SİNAN TOPUZ",779,"https://turkplasticsurgery.org/Doctor-Infos/1548"
"SİNAN ÖKSÜZ",780,"https://turkplasticsurgery.org/Doctor-Infos/701"
"Sinan Murat BOZ",781,"https://turkplasticsurgery.org/Doctor-Infos/1299"
"SİNEM ÇİLİNGİR",782,"https://turkplasticsurgery.org/Doctor-Infos/1934"
"Soner KARAALİ",19,"https://turkplasticsurgery.org/Doctor-Infos/1398"
"Soner TEZCAN",783,"https://turkplasticsurgery.org/Doctor-Infos/916"
"SOYSAL BAŞ",15,"https://turkplasticsurgery.org/Doctor-Infos/703"
"SULTAN YALÇIN",784,"https://turkplasticsurgery.org/Doctor-Infos/1400"
"SÜLEYMAN ÇEÇEN",785,"https://turkplasticsurgery.org/Doctor-Infos/1570"
"Süleyman Köken",786,"https://turkplasticsurgery.org/Doctor-Infos/1372"
"SÜLEYMAN ÖZER",787,"https://turkplasticsurgery.org/Doctor-Infos/1868"
"Süleyman Yıldızdal",100,"https://turkplasticsurgery.org/Doctor-Infos/1535"
"Süleyman Çakmak",788,"https://turkplasticsurgery.org/Doctor-Infos/1740"
"Süleyman Altınkaya",115,"https://turkplasticsurgery.org/Doctor-Infos/2758"
"SÜLEYMAN CAN CEYLAN",563,"https://turkplasticsurgery.org/Doctor-Infos/1976"
"SÜPHAN TUNÇ",67,"https://turkplasticsurgery.org/Doctor-Infos/707"
"ŞAFAK ÇAKIR",789,"https://turkplasticsurgery.org/Doctor-Infos/1737"
"ŞAFAK AKTAR",790,"https://turkplasticsurgery.org/Doctor-Infos/709"
"ŞAHİN ATAKAN BAYIR",314,"https://turkplasticsurgery.org/Doctor-Infos/1642"
"ŞAKİR ÜNAL",15,"https://turkplasticsurgery.org/Doctor-Infos/711"
"ŞAKİR BULANALP",350,"https://turkplasticsurgery.org/Doctor-Infos/710"
"ŞENER KÜÇÜK",15,"https://turkplasticsurgery.org/Doctor-Infos/713"
"ŞERİF YAVUZ",791,"https://turkplasticsurgery.org/Doctor-Infos/1022"
"ŞEVKET DOĞAN",236,"https://turkplasticsurgery.org/Doctor-Infos/995"
"ŞEVKET GÖKHAN BEYHAN",792,"https://turkplasticsurgery.org/Doctor-Infos/1195"
"ŞEYDA GÜRAY",793,"https://turkplasticsurgery.org/Doctor-Infos/1579"
"ŞUHEDA ÇILDIR",794,"https://turkplasticsurgery.org/Doctor-Infos/1876"
"ŞULE ÖZTAN",795,"https://turkplasticsurgery.org/Doctor-Infos/714"
"ŞÜKRÜ YAZAR",796,"https://turkplasticsurgery.org/Doctor-Infos/716"
"ŞÜKRÜ İŞLER",797,"https://turkplasticsurgery.org/Doctor-Infos/715"
"T.CEMAL ŞENYUVA",15,"https://turkplasticsurgery.org/Doctor-Infos/717"
"TACETTİN GÜÇER",798,"https://turkplasticsurgery.org/Doctor-Infos/718"
"TAHİR ŞEN",15,"https://turkplasticsurgery.org/Doctor-Infos/720"
"Tahir Babahan",196,"https://turkplasticsurgery.org/Doctor-Infos/1472"
"TAHSİN GÖRGÜLÜ",799,"https://turkplasticsurgery.org/Doctor-Infos/722"
"TAHSİN OĞUZ ACARTÜRK",800,"https://turkplasticsurgery.org/Doctor-Infos/723"
"TALE NEİMETZADE",801,"https://turkplasticsurgery.org/Doctor-Infos/724"
"TAMER SEYHAN",802,"https://turkplasticsurgery.org/Doctor-Infos/726"
"TAMER KOLDAŞ",423,"https://turkplasticsurgery.org/Doctor-Infos/725"
"TAMER ŞAKRAK",15,"https://turkplasticsurgery.org/Doctor-Infos/727"
"TANER BAHAR",803,"https://turkplasticsurgery.org/Doctor-Infos/1660"
"TARIK ÇAVUŞOĞLU",10,"https://turkplasticsurgery.org/Doctor-Infos/730"
"TAYFUN TÜRKASLAN",15,"https://turkplasticsurgery.org/Doctor-Infos/732"
"TAYFUN AKÖZ",804,"https://turkplasticsurgery.org/Doctor-Infos/731"
"TAYLAN CİHAN ZÖHRE",805,"https://turkplasticsurgery.org/Doctor-Infos/1957"
"TEKİN ŞİMŞEK",806,"https://turkplasticsurgery.org/Doctor-Infos/736"
"TEKİN GÜMÜŞOĞLU",15,"https://turkplasticsurgery.org/Doctor-Infos/735"
"TEOMAN DOĞAN",132,"https://turkplasticsurgery.org/Doctor-Infos/734"
"TEOMAN ESKİTAŞCİOĞLU",807,"https://turkplasticsurgery.org/Doctor-Infos/733"
"TEVFİK CANDAN MEZİLİ",15,"https://turkplasticsurgery.org/Doctor-Infos/737"
"TOLGA YENER",15,"https://turkplasticsurgery.org/Doctor-Infos/739"
"TOLGA AKSAN",808,"https://turkplasticsurgery.org/Doctor-Infos/738"
"TOLGAHAN ALPAYDIN",15,"https://turkplasticsurgery.org/Doctor-Infos/740"
"TOYGAR ÜNVEREN",67,"https://turkplasticsurgery.org/Doctor-Infos/742"
"TUBA AVCI",545,"https://turkplasticsurgery.org/Doctor-Infos/1993"
"TUGAY LÜTFİ SEKÜÇOĞLU",809,"https://turkplasticsurgery.org/Doctor-Infos/743"
"TUĞBA SODALI",15,"https://turkplasticsurgery.org/Doctor-Infos/928"
"TUĞBA GÜN KOPLAY",810,"https://turkplasticsurgery.org/Doctor-Infos/1142"
"TUĞBA DÜLGEROĞLU",811,"https://turkplasticsurgery.org/Doctor-Infos/1599"
"TUĞBA FERYAL YILDIZ DEĞER",15,"https://turkplasticsurgery.org/Doctor-Infos/1457"
"TUĞÇE YASAK PAR",812,"https://turkplasticsurgery.org/Doctor-Infos/1656"
"TUĞRUL MARAL",15,"https://turkplasticsurgery.org/Doctor-Infos/744"
"TUNÇ ŞAFAK",309,"https://turkplasticsurgery.org/Doctor-Infos/745"
"Turan Mehdizade",813,"https://turkplasticsurgery.org/Doctor-Infos/1311"
"TURGUT ORTAK",814,"https://turkplasticsurgery.org/Doctor-Infos/747"
"Turgut Furkan Kuybulu",815,"https://turkplasticsurgery.org/Doctor-Infos/1346"
"TÜBA HİLAL GÜÇLÜ",816,"https://turkplasticsurgery.org/Doctor-Infos/1399"
"TÜRKAN AKYILDIZ",817,"https://turkplasticsurgery.org/Doctor-Infos/748"
"TÜRKER ÜSTÜN",818,"https://turkplasticsurgery.org/Doctor-Infos/750"
"TÜRKER ÖZKAN",819,"https://turkplasticsurgery.org/Doctor-Infos/749"
"UFUK EMEKLİ",820,"https://turkplasticsurgery.org/Doctor-Infos/753"
"UFUK BİLKAY",15,"https://turkplasticsurgery.org/Doctor-Infos/752"
"UFUK AYDIN",10,"https://turkplasticsurgery.org/Doctor-Infos/751"
"UFUK ASKEROĞLU",821,"https://turkplasticsurgery.org/Doctor-Infos/877"
"UFUK KÜÇÜK",124,"https://turkplasticsurgery.org/Doctor-Infos/921"
"UFUK DURGUN",822,"https://turkplasticsurgery.org/Doctor-Infos/1717"
"UFUK ERDEM",823,"https://turkplasticsurgery.org/Doctor-Infos/1555"
"UĞUR ÖNER",824,"https://turkplasticsurgery.org/Doctor-Infos/2043"
"UĞUR ÇELİK",825,"https://turkplasticsurgery.org/Doctor-Infos/1958"
"UĞUR ÖZDEMİR",826,"https://turkplasticsurgery.org/Doctor-Infos/755"
"UĞUR HOROZ",827,"https://turkplasticsurgery.org/Doctor-Infos/922"
"UĞUR ÇAKMAK",828,"https://turkplasticsurgery.org/Doctor-Infos/1053"
"UĞUR KOÇER",100,"https://turkplasticsurgery.org/Doctor-Infos/756"
"Uğur Anıl BİNGÖL",829,"https://turkplasticsurgery.org/Doctor-Infos/754"
"UĞUR KAAN KALEM",830,"https://turkplasticsurgery.org/Doctor-Infos/1343"
"Uğurcan Şener",831,"https://turkplasticsurgery.org/Doctor-Infos/1380"
"ULVİ HASANOV",203,"https://turkplasticsurgery.org/Doctor-Infos/1689"
"ULVİ GÜNER",15,"https://turkplasticsurgery.org/Doctor-Infos/759"
"UMUT TOPAL",832,"https://turkplasticsurgery.org/Doctor-Infos/1860"
"UMUT TUNCEL",833,"https://turkplasticsurgery.org/Doctor-Infos/758"
"UMUT ZEREYAK",834,"https://turkplasticsurgery.org/Doctor-Infos/1595"
"UMUT SİNAN ERSOY",835,"https://turkplasticsurgery.org/Doctor-Infos/757"
"UTKU CAN DÖLEN",836,"https://turkplasticsurgery.org/Doctor-Infos/760"
"ÜMİT BORATAÇ",837,"https://turkplasticsurgery.org/Doctor-Infos/762"
"Ümit Eyüpoğlu",490,"https://turkplasticsurgery.org/Doctor-Infos/1433"
"ÜMİT NACİ KARAÇAL",838,"https://turkplasticsurgery.org/Doctor-Infos/763"
"ÜMRAN İLERİ",15,"https://turkplasticsurgery.org/Doctor-Infos/761"
"ÜMRAN MUSLU",839,"https://turkplasticsurgery.org/Doctor-Infos/1023"
"ÜNAL ŞAHİN",259,"https://turkplasticsurgery.org/Doctor-Infos/764"
"ÜNZİLE BALCI AKBUĞA",15,"https://turkplasticsurgery.org/Doctor-Infos/765"
"Vasfi Çelik",840,"https://turkplasticsurgery.org/Doctor-Infos/1003"
"VASIL ERCÜMENT ERBAŞ",841,"https://turkplasticsurgery.org/Doctor-Infos/1634"
"VOLKAN BEDEN",842,"https://turkplasticsurgery.org/Doctor-Infos/1991"
"VOLKAN TAYFUR",843,"https://turkplasticsurgery.org/Doctor-Infos/1751"
"VOLKAN SERDAR OTRAKÇI",15,"https://turkplasticsurgery.org/Doctor-Infos/766"
"VUGAR ALAKBAROV",844,"https://turkplasticsurgery.org/Doctor-Infos/840"
"YAĞMUR AYDIN",845,"https://turkplasticsurgery.org/Doctor-Infos/767"
"YAĞMUR KAAN BEDİR",846,"https://turkplasticsurgery.org/Doctor-Infos/768"
"YAĞMUR YAPRAK BALI",847,"https://turkplasticsurgery.org/Doctor-Infos/769"
"YAHYA BALTU",848,"https://turkplasticsurgery.org/Doctor-Infos/770"
"yahya melih ışık",849,"https://turkplasticsurgery.org/Doctor-Infos/1460"
"YAKUP ÇİL",850,"https://turkplasticsurgery.org/Doctor-Infos/772"
"YAKUP SARIGÜNEY",851,"https://turkplasticsurgery.org/Doctor-Infos/773"
"YAKUP AVŞAR",15,"https://turkplasticsurgery.org/Doctor-Infos/771"
"YAKUP KARABAĞLI",852,"https://turkplasticsurgery.org/Doctor-Infos/774"
"Yakup Işık",853,"https://turkplasticsurgery.org/Doctor-Infos/981"
"YAKUP DUMAN",854,"https://turkplasticsurgery.org/Doctor-Infos/847"
"YALÇIN YONTAR",855,"https://turkplasticsurgery.org/Doctor-Infos/947"
"YALÇIN KÜLAHCI",856,"https://turkplasticsurgery.org/Doctor-Infos/776"
"YALÇIN KAYA",69,"https://turkplasticsurgery.org/Doctor-Infos/775"
"yankı görkem keskin",857,"https://turkplasticsurgery.org/Doctor-Infos/1428"
"YASEMİN AYDINLI",669,"https://turkplasticsurgery.org/Doctor-Infos/1256"
"Yasemin İMAMOĞLU",858,"https://turkplasticsurgery.org/Doctor-Infos/1126"
"YASİN CANBAZ",249,"https://turkplasticsurgery.org/Doctor-Infos/1995"
"YASİN ÜNAL",859,"https://turkplasticsurgery.org/Doctor-Infos/777"
"YAVUZ YILDIRIM",860,"https://turkplasticsurgery.org/Doctor-Infos/1478"
"YAVUZ ÖZSULAR",861,"https://turkplasticsurgery.org/Doctor-Infos/1596"
"YAVUZ BAŞTERZİ",259,"https://turkplasticsurgery.org/Doctor-Infos/780"
"YAVUZ KEÇECİ",862,"https://turkplasticsurgery.org/Doctor-Infos/782"
"YAVUZ TULUY",863,"https://turkplasticsurgery.org/Doctor-Infos/1611"
"YAVUZ DEMİR",293,"https://turkplasticsurgery.org/Doctor-Infos/781"
"YENER DEMİRTAŞ",15,"https://turkplasticsurgery.org/Doctor-Infos/784"
"YILMAZ SULTANOĞLU",864,"https://turkplasticsurgery.org/Doctor-Infos/1402"
"YİĞİT ÖZER TİFTİKCİOĞLU",865,"https://turkplasticsurgery.org/Doctor-Infos/783"
"YUNUS ERTAŞ",249,"https://turkplasticsurgery.org/Doctor-Infos/1896"
"Yunus Çınar",866,"https://turkplasticsurgery.org/Doctor-Infos/1784"
"Yunus Sağlam",867,"https://turkplasticsurgery.org/Doctor-Infos/1362"
"YUNUS DOĞAN",868,"https://turkplasticsurgery.org/Doctor-Infos/1039"
"Yunus Emre Gökçe",293,"https://turkplasticsurgery.org/Doctor-Infos/1366"
"YUNUS EMRE YILMAZER",259,"https://turkplasticsurgery.org/Doctor-Infos/1708"
"YUNUS EMRE ŞEKER",869,"https://turkplasticsurgery.org/Doctor-Infos/1864"
"YURDAKUL İLKER MANAVBAŞI",15,"https://turkplasticsurgery.org/Doctor-Infos/785"
"YUSUF ACAR",870,"https://turkplasticsurgery.org/Doctor-Infos/1814"
"YUSUF ALPER AYTAÇ",871,"https://turkplasticsurgery.org/Doctor-Infos/1338"
"Yusuf Bahadır Bayar",251,"https://turkplasticsurgery.org/Doctor-Infos/1376"
"YUSUF İNAN NAKİPOĞLU",545,"https://turkplasticsurgery.org/Doctor-Infos/1998"
"YUSUF KENAN ÇOBAN",872,"https://turkplasticsurgery.org/Doctor-Infos/786"
"YÜCEL ERK",15,"https://turkplasticsurgery.org/Doctor-Infos/787"
"YÜCEL SARIALTIN",15,"https://turkplasticsurgery.org/Doctor-Infos/863"
"YÜKSEL KANKAYA",100,"https://turkplasticsurgery.org/Doctor-Infos/789"
"Z.BURÇAK TÜMERDEM ULUĞ",126,"https://turkplasticsurgery.org/Doctor-Infos/790"
"ZAFER ÖZSOY",10,"https://turkplasticsurgery.org/Doctor-Infos/792"
"ZAFER KAYA",67,"https://turkplasticsurgery.org/Doctor-Infos/1609"
"ZAFER ATAKAN",873,"https://turkplasticsurgery.org/Doctor-Infos/791"
"ZEKERİYA KUL",15,"https://turkplasticsurgery.org/Doctor-Infos/794"
"ZEKERİYA TOSUN",874,"https://turkplasticsurgery.org/Doctor-Infos/793"
"ZEKİ CAN",648,"https://turkplasticsurgery.org/Doctor-Infos/796"
"ZEKİ ERKSUN",875,"https://turkplasticsurgery.org/Doctor-Infos/795"
"ZEYNEP ÖZ",876,"https://turkplasticsurgery.org/Doctor-Infos/1887"
"ZEYNEP ŞEN",10,"https://turkplasticsurgery.org/Doctor-Infos/800"
"ZEYNEP ALTUNTAŞ",877,"https://turkplasticsurgery.org/Doctor-Infos/797"
"ZEYNEP YASAVUR HÜRKAL",878,"https://turkplasticsurgery.org/Doctor-Infos/894"
"ZEYNEP BANU ARICI",879,"https://turkplasticsurgery.org/Doctor-Infos/1987"
"ZEYNEP DENİZ AKDENİZ DOĞAN",880,"https://turkplasticsurgery.org/Doctor-Infos/798"
"ZEYNEP GÜL GÖKMEN",881,"https://turkplasticsurgery.org/Doctor-Infos/799"
"Zeynep Şeyma Bostan",882,"https://turkplasticsurgery.org/Doctor-Infos/2064"
"ZEYYAT CÜNEYT ÖZEK",883,"https://turkplasticsurgery.org/Doctor-Infos/801"
"Zikrullah Baycar",884,"https://turkplasticsurgery.org/Doctor-Infos/1306"
"ZÜBEYİR ÖRTER",885,"https://turkplasticsurgery.org/Doctor-Infos/803"
"ZÜHTÜ DEMİR",886,"https://turkplasticsurgery.org/Doctor-Infos/804"
"ZÜLFÜKAR ULAŞ BALİ",887,"https://turkplasticsurgery.org/Doctor-Infos/1129"